Justyn,Kozey,Mekhi_Terry@gmail.com,925-133-2464,31292 Polly Trafficway,West Claire,CT,33560
Anita,Ruecker,Cory_Gottlieb@hotmail.com,772-301-6874,2312 Beatrice Valley,Lynntown,ND,23110-4021
Gracie,Hammes,Sonia12@hotmail.com,438-006-6906,7738 Farrell Squares,Zanderside,VT,73958
Cristina,Legros,Moriah97@hotmail.com,248-272-5071,1381 Lance Keys,Mariliefurt,TX,00705-1614
Martin,Wehner,Isabell.Stiedemann@hotmail.com,798-117-8920,678 Ebert Land,Port Sagechester,FL,86770
Caleb,Schuster,Felicia83@yahoo.com,994-049-6248,0209 Walker Plains,Cathrynview,GA,25016
Lavada,Lakin,Maud.Weimann@yahoo.com,093-330-3394,910 Windler Orchard,Addiefurt,VA,07207
Vicente,Maggio,Mireya_Harvey16@gmail.com,742-888-2032,2013 Hand Neck,West Kristymouth,WA,84419
Karine,Anderson,Verlie.OKeefe@gmail.com,866-991-0723,54962 Lorenza Radial,Port Dennisview,DE,07557
Felipe,Bahringer,Kara.Gulgowski@gmail.com,132-505-6364,486 Reinger Plaza,New Hassan,WV,05192-9799
Chaz,Shields,Adah.Price44@hotmail.com,080-182-3595,126 Reichert Meadow,East Nathaniel,MA,54710-9365
Mason,Jacobi,Maxwell93@hotmail.com,383-109-8208,08797 Domenica Prairie,Bethchester,MO,96038-6621
Emilia,Tromp,Bradley_Littel@yahoo.com,137-102-4188,6774 Pfannerstill Groves,Margareteton,NY,80115
Cody,Davis,Jovani.Stanton@gmail.com,061-454-8603,8577 Keeling Square,Breitenbergmouth,RI,09860-0834
Rylan,Steuber,Jordan25@hotmail.com,680-238-5907,35381 Ullrich Roads,North Joanyport,KY,83758-2093
Adriel,Bailey,Kadin22@gmail.com,118-178-0947,018 Ernser Mount,Kihnmouth,VT,74463
Otto,Moen,Kevin_Davis@hotmail.com,059-596-2609,2209 Osinski Corner,South Christiana,VT,66437-7375
Lyla,Vandervort,Karine.Johnston@gmail.com,817-188-1882,500 Lemke Centers,Eliasmouth,MT,24782
Lera,Huel,Abraham_Kub@yahoo.com,868-814-9443,7322 Kris Ville,Beerville,LA,12360-3229
Kaci,Spinka,Loraine15@hotmail.com,375-468-0412,912 Willms Avenue,Elmerfort,MA,80727-9164
Timothy,Dicki,Mertie87@hotmail.com,476-377-3696,285 Cummerata Greens,Thereseborough,MT,00737-4987
Dominique,Morar,Jerome_Rice73@gmail.com,510-717-9500,0591 Blick Falls,Jamisonport,KY,82788
Cary,Hagenes,Jaclyn_Kihn@gmail.com,803-106-1952,5612 McLaughlin Route,Lednerborough,OR,24511-9166
Granville,Dibbert,Pierre51@hotmail.com,877-841-7443,9495 Spencer Parkway,North Jermey,DE,29791-6971
Danny,Keeling,Name.Barrows@gmail.com,135-161-1599,6677 Reilly Fork,Merlinville,OR,02380
Barton,Simonis,Maye64@gmail.com,891-808-9140,409 Fritsch Plains,Port Kayla,TN,31489-1074
London,Parisian,Valentin49@hotmail.com,881-933-4987,93866 Friesen Overpass,North Mazieside,ND,42588-2373
Leone,Kunde,Kamron.Cummerata@hotmail.com,096-062-7219,82108 Dominic Circle,East Cheyenneside,KY,49972
Cristina,Wolf,Noemi36@hotmail.com,130-150-2791,517 Henriette River,Trantowmouth,GA,96525
Vito,Kerluke,Isai_Reichert77@hotmail.com,043-185-7489,138 Mohr Manor,Cordeliafort,HI,40839
Khalid,McLaughlin,Darrel87@gmail.com,400-567-2827,5283 Quigley Harbors,South Daryl,OK,68334-7262
Maryam,Kovacek,Jacinto_Kerluke3@yahoo.com,672-450-9437,9141 Elisa Radial,Schambergermouth,CA,42920
Aurelia,Sauer,Houston.Aufderhar@gmail.com,980-301-3044,826 Hegmann Extension,Kubborough,LA,02450
Brody,Littel,Shea5@hotmail.com,755-123-0466,06183 Pacocha Wall,North Isaishire,MO,55133-3576
Mya,Sporer,Cory.Herman@gmail.com,716-067-0244,51743 Luisa Plaza,Lake Zoeborough,NY,20943-8192
Asha,Dach,Jessyca.Armstrong56@yahoo.com,118-174-8251,1773 Chad Fields,Dickensbury,CA,96481
Kieran,Raynor,Arnold45@yahoo.com,083-129-5876,711 Ondricka Meadow,Rhiannonstad,IA,77732
Marianna,Waters,Anahi_Grady@gmail.com,709-083-4479,104 Kuhic Via,Rodborough,MA,96103
Hailie,Lehner,Herman.Johnston@hotmail.com,352-132-4004,955 Bonita Haven,West Alexane,MS,51524
Tremayne,Bednar,Aileen_Weimann@hotmail.com,621-043-3488,5828 Schuppe Gateway,Carmellahaven,LA,04019
Ashton,Haag,Pasquale19@gmail.com,592-263-0619,291 Tatum Trafficway,South Melyssamouth,CT,67177-5797
Boris,Moore,Jamie_Raynor@gmail.com,361-986-0446,99446 Kenneth Forge,West Abbigailton,MD,07890-7978
Ephraim,Mills,Mariane95@yahoo.com,836-719-3871,0295 Klocko Branch,East Tad,MO,41112
Isaac,Koelpin,Dan_Bailey80@hotmail.com,866-894-8198,38824 Rodrigo Square,McGlynntown,WY,51403
Jasen,VonRueden,Tianna_Harber64@gmail.com,432-535-5755,41691 Kutch Course,Maggioside,DE,86529-5388
Jaylen,Bauch,Jordane12@hotmail.com,705-411-5959,7199 Kiehn Gardens,Eldonfurt,NC,10698
Zora,Johns,Faustino.Ward52@gmail.com,892-879-5223,586 Jake Forks,North Janaton,NE,07674-4884
Gabrielle,Feest,Polly.Kautzer@yahoo.com,039-775-1669,5172 Schroeder Tunnel,Micaelaburgh,NH,29285-8336
Gust,DuBuque,Annabel.Heaney45@yahoo.com,120-292-1005,02786 Josh Skyway,East Leonardoberg,FL,65807-7565
Aiden,Roberts,Nora55@gmail.com,897-465-0097,90047 Dangelo Fords,Lake Linwood,DE,27723
Nakia,Funk,Fidel_Williamson@gmail.com,867-947-5151,912 Kutch Common,North Lunahaven,MO,36344
Lonzo,Thompson,Brenden_Ankunding64@hotmail.com,628-231-5673,364 Amani Mission,Okunevaton,TN,58649-2630
Sophia,Hirthe,Regan_Runte@hotmail.com,945-840-2120,13191 Naomi Rue,New Barrett,SC,71169
Velda,Ledner,Abdullah_Kiehn74@hotmail.com,935-790-4197,5705 Stevie Lane,Port Jademouth,GA,88831-2867
Emilie,Vandervort,Ethelyn.Adams@yahoo.com,766-303-9444,690 Mario Gateway,New Cydney,FL,75480
Eli,Borer,Alize.Stoltenberg@yahoo.com,334-467-0960,4637 Beer Neck,South Laylaland,MD,94007-8659
Tia,O'Conner,Eve77@yahoo.com,707-982-7079,831 Gleichner Groves,Mannfort,NC,85758
Matt,Goldner,Haylie_Turner88@gmail.com,895-624-3887,317 Devan Turnpike,West Herthaview,TX,08456
Ona,Leuschke,Lucio5@hotmail.com,189-108-2804,4753 Autumn Glen,Wymanfurt,MI,63033-9962
Maymie,Carroll,Matt92@hotmail.com,899-642-2008,506 Destany Fork,North Giovanna,NM,34777
Tanner,Hammes,Josefina12@hotmail.com,027-037-7187,04445 Schumm Mission,Riceshire,KS,51547-5713
Viviane,Koepp,Lily75@yahoo.com,833-160-0312,24409 Beahan Plains,Lake Arnostad,TX,27065-9415
Kenny,Becker,Nigel_Mohr64@yahoo.com,228-290-6761,3149 Mills Drive,Maxiestad,NC,47709
Kris,Olson,Norbert24@gmail.com,812-920-6762,1144 Rhett Prairie,Dickensside,WA,95322
Edward,Shanahan,Cathryn.OKeefe@gmail.com,569-423-6171,782 Toy Shores,Port Brittanyfort,OK,51913-6463
Devante,Langworth,Josie.Greenfelder@gmail.com,171-504-4526,143 Abigale Dam,Lake Khalilshire,VA,81223-1254
Dedrick,Wyman,Rosalyn39@hotmail.com,482-083-5015,612 Estella Harbors,Joantown,IN,92705-0399
Jovanny,Hudson,Abe_Purdy66@yahoo.com,918-801-9027,90665 Margaret Island,New Krystel,WA,54229
Karley,Williamson,Conor.Ebert@gmail.com,517-465-1658,471 Reichel Wall,Davisberg,OH,88214-1309
Lambert,Rice,Cordia_Hudson@gmail.com,822-127-0009,385 Shanahan Islands,Christiansenhaven,CO,15126
Americo,Monahan,Toby_Blanda61@yahoo.com,010-345-1953,8764 Wisozk Mountains,New Axelside,IL,76754-4354
Henry,Collins,Gladyce.Shields@gmail.com,301-903-3626,66143 Kuhn Rue,Lynchland,MD,97226-8323
Jedediah,Wiza,Angela79@hotmail.com,480-385-5339,99472 Ankunding Fork,Baumbachchester,AK,63579-1706
Jermaine,Fay,Johnathon.Durgan@gmail.com,543-165-8783,241 Ressie Parks,Gleichnerborough,UT,74179
Kaitlin,Johnson,Walker.Tremblay@gmail.com,820-043-7309,10704 Pearline Ramp,Waylonborough,AL,42262
Cheyenne,Dickens,Lelah91@yahoo.com,322-127-6840,6218 Iva Hills,Lake Lennyport,AR,84228-1402
Tracey,Hills,Nicholas.Denesik@hotmail.com,074-784-9632,028 McClure Plaza,Port Tannerside,KS,09068
Hyman,Wisoky,Danyka_Predovic@hotmail.com,811-330-6625,196 Andy Expressway,East Dagmar,NY,09500-9501
Candice,Luettgen,Olin.Mann99@gmail.com,382-930-3736,336 Berry Lake,Wuckertland,NH,01252-8957
Ara,Treutel,Vada.Lindgren4@hotmail.com,345-227-4554,93583 Smitham Ridge,East Modesto,CA,19357-1278
Helmer,Sipes,Bryana_Koelpin@yahoo.com,435-834-3134,8523 Erdman Views,Schneiderhaven,AK,03345-9651
Roel,Harber,Vidal_Torp@hotmail.com,416-593-6240,3019 Rolfson Centers,Keeblerchester,CT,02992-3784
Marcelle,Schuster,Einar_Wolff@gmail.com,283-763-9591,97664 Thiel Haven,Tomasaburgh,IL,91715-9766
Quinton,Bogisich,Tomas.Nitzsche96@gmail.com,192-319-3033,5502 Boyer Rapids,Marquardtburgh,WI,45028
Martin,Hartmann,Garett_Kessler@gmail.com,834-172-7139,968 Kutch Spur,Darrinshire,ME,85088-6575
Griffin,Leannon,Marcelo.Stamm@gmail.com,589-706-4897,13684 Schimmel Passage,Hadleyton,AK,78079
Declan,Reilly,Jarrell.Prohaska@hotmail.com,504-616-4976,1623 Gleason Summit,Lakinmouth,MN,35115
Harmony,Bailey,Kianna_McGlynn74@gmail.com,569-966-8091,368 Ernser Meadow,Carleefurt,CT,43036
Paxton,Hettinger,Brad.OKeefe96@gmail.com,089-054-9067,971 Thora Fall,Jarretstad,WV,62494
Mireya,Kilback,Gussie.Weimann38@yahoo.com,303-815-2357,070 McDermott Mill,Port Magali,UT,98848-7774
Adele,Rippin,Mariano.Cartwright62@yahoo.com,640-297-7608,287 Eichmann Extension,Norbertton,ND,76332-9640
Bailey,Shields,Alexandrine.Murphy31@yahoo.com,015-657-5669,68441 Treutel Hollow,Predovicfurt,MS,97595
Ona,Rohan,Kaylin8@yahoo.com,731-464-1182,28016 Leta Corner,South Hollyshire,ID,66719-0892
Donna,Pagac,Telly_Becker@gmail.com,078-241-8224,9621 Schiller Circles,East Loraine,NV,53478-5796
Jairo,Dach,Chloe.Block@gmail.com,112-990-7440,08940 Champlin Crest,Lake Braxton,AK,43061-8864
Bessie,Hagenes,Randall.Barrows@gmail.com,522-920-3003,36620 Glover Radial,Lake Arlenestad,WV,89035
Lennie,Quitzon,Tyrel_Abshire@hotmail.com,194-841-3519,880 Crystal Heights,Johnsonport,IL,45733
Alvah,Feest,Axel17@gmail.com,119-719-7728,494 Pouros Gateway,Millston,MA,08395
Cornelius,Schneider,Tillman.Luettgen62@gmail.com,672-726-2253,434 German Cape,Nelleview,VA,79940-6926
Armand,Spinka,Chet40@hotmail.com,559-982-2469,5684 Heller View,East Mellie,OH,99685
Maryam,Mueller,Laverna_Marks@hotmail.com,755-971-8763,6470 Dylan Circle,East Neomaview,LA,01022-5700
Nelson,Mosciski,Dangelo0@hotmail.com,978-753-9129,7515 Swift Stravenue,Lake Alivia,RI,09530-5579
Michaela,Labadie,Tressie83@hotmail.com,804-437-2684,348 Sadie Key,Port Pearlieborough,WA,82180
Joshua,Streich,Kennith_Cummings12@hotmail.com,684-981-8579,28466 Jeffrey Wells,Paigefurt,SD,81557-1182
Arvid,Rodriguez,Dixie.Medhurst25@hotmail.com,660-025-6429,34548 Raoul Springs,Strosinview,CA,78902-9151
Kimberly,Schuster,Morgan_Ernser@gmail.com,180-231-2021,716 Eudora Cliffs,East Maggiefurt,SC,55860-3880
Eula,Funk,Ashtyn_Yost91@hotmail.com,681-620-9805,734 Carroll Well,Port Gerardo,GA,72634
Kelli,Aufderhar,Freda49@hotmail.com,591-039-7474,79652 Walter Port,Glovershire,MN,65791
Darrell,Hamill,Kaycee.Batz5@gmail.com,679-988-6073,205 Reyna Center,Mosciskiberg,OK,68371-1976
Carlotta,Rogahn,Marquise_Volkman@yahoo.com,755-179-8683,069 Schmeler Fields,South Merle,WV,82865
Janiya,McDermott,Jacquelyn_Howell@gmail.com,238-690-3331,7397 Jamey Shores,West Justice,SC,12599-5910
Juanita,Terry,Cleta86@gmail.com,621-140-4638,23969 Roob Fork,Ludieport,OR,15176-4707
Trisha,Green,Otilia2@yahoo.com,351-755-8586,4760 Barton Well,North Ayanaborough,WI,65339-5824
Jaron,Balistreri,Holden92@hotmail.com,985-266-7817,847 Crona Ford,South Jerelview,MS,69289
Jennie,Oberbrunner,Michael21@hotmail.com,500-152-6334,09344 Christiansen Brooks,Orinchester,HI,14970-1261
Ardith,Mitchell,Rosella.Windler33@gmail.com,699-867-9271,8704 Lesly Mall,Elsaside,WA,18944-4341
Jarrell,Gorczany,Marie.Green@gmail.com,090-617-9899,151 Nigel Prairie,Port Aubreyside,SD,30465
Jordy,Terry,Kara_Lehner87@hotmail.com,758-846-8108,32921 Senger Mill,Odelltown,MA,33715-9470
Rubye,Kling,Aurore_Hills@yahoo.com,541-683-2735,921 Lilyan Parks,West Paige,IN,58289
Muriel,O'Kon,Max.Parisian@yahoo.com,192-893-8995,44512 Gottlieb Road,Wymanfort,SC,26213-3139
Rosemary,Erdman,Valentina22@yahoo.com,060-414-5126,77650 Wiza Bridge,Port Dedric,NC,88838
Bryana,DuBuque,Flossie28@yahoo.com,220-184-0394,0202 Elva Wells,East Jessicastad,ND,50670-4601
Celine,Romaguera,Camille_Nolan88@gmail.com,911-993-8056,20999 Gayle Centers,Huelshaven,VT,37956-1801
Jason,Koepp,Filomena_Hagenes@gmail.com,314-693-6939,136 Holly Summit,West Aglae,CO,39387-1275
Ethyl,Sipes,Erwin17@hotmail.com,963-188-9080,47120 Lueilwitz Trail,Lake Franciscoborough,ND,64316-8369
Ryleigh,Hyatt,Clement.Hoppe@yahoo.com,332-533-6156,93415 Curt Springs,New Mya,IA,36398-3129
Mariano,Carroll,Edmond.Rosenbaum@gmail.com,472-382-1126,434 Flatley Garden,New Margaret,MS,97247-7771
Valentin,Rogahn,Tristian89@yahoo.com,412-218-1193,373 Petra Knolls,New Johnnie,MA,36597-5540
Josiah,Stamm,Loyal45@gmail.com,356-648-6923,395 Rudolph Mission,Johnston,LA,25071-5928
Nettie,Muller,Mozell_Bogan20@hotmail.com,450-095-4800,845 Alec Crescent,Boyermouth,KY,07988-4066
Missouri,Douglas,Cruz_Ledner48@yahoo.com,591-220-0562,903 Eric Fork,Welchshire,RI,22000-9286
Vallie,Krajcik,Rashawn67@hotmail.com,835-322-7998,419 Block Motorway,Mavisport,AR,88621
Ada,Greenfelder,Zola77@hotmail.com,189-908-2366,640 Prince Terrace,East Uriah,ND,41784
Marcelina,Cremin,Prince.Deckow@hotmail.com,211-690-8720,8606 Gutkowski Hill,South Callie,ND,99560-3392
Josiane,Ratke,Kenna_Kohler@gmail.com,762-736-2742,84510 Reilly Gateway,Durganton,WA,67750
Kattie,Walker,Aisha_Cummerata@hotmail.com,130-195-7058,538 Labadie Springs,Brekkemouth,WI,54050
Oral,Runolfsdottir,Eve_Wisozk94@gmail.com,717-249-1517,34895 Summer Glens,North Paula,CT,65571-4633
Doyle,Welch,Hassan42@yahoo.com,269-303-2747,16218 Auer Causeway,South Johan,RI,77384
Grady,Ondricka,Tod_Strosin@hotmail.com,196-787-7603,7576 Wintheiser Vista,North Lily,MD,14098-6899
Abdullah,Fahey,George61@hotmail.com,024-200-1902,21607 Agnes Cliffs,Swaniawskiton,AL,61298
Kamille,Bradtke,Ceasar4@yahoo.com,282-474-5852,6846 Kuphal Manor,North Sedrickfort,VT,89742
Kaylee,Kautzer,Dallin55@yahoo.com,949-236-1865,964 Edgardo Skyway,Olsonbury,WV,89054-5213
Scotty,Bernier,Giuseppe_Langosh67@gmail.com,404-224-6965,916 Conroy Crossroad,Waelchiport,NH,20232-5724
Lamont,Cartwright,Jennyfer_Morar@gmail.com,126-418-8546,280 Demond Mall,East Juniusshire,WI,64513
Tressa,Bergnaum,Robyn9@gmail.com,187-693-7323,57481 Rath View,East Kassandraburgh,MS,96399
Cullen,Willms,Sadye.Gorczany95@hotmail.com,046-942-6509,4817 Lilliana Burg,Malvinamouth,NY,46662
Judd,Kerluke,Darrel.Wintheiser@gmail.com,833-383-3158,5111 Natalia Passage,Cornellland,MD,78240
Alva,Dickens,Willy.Gleason@gmail.com,192-893-6817,2654 Steuber Prairie,North Jeffchester,WY,10415
Aaron,McLaughlin,Hubert8@hotmail.com,024-716-1255,3811 Afton Harbors,Sawaynland,SC,41722
Valentin,Murray,Audreanne_Wisoky95@yahoo.com,372-759-8263,958 Keira Lock,Uniqueside,NY,12857
Anita,Kassulke,Lucie27@hotmail.com,630-079-1188,62014 Misty Loaf,East Dorcasport,WV,82893-6958
Arvilla,Macejkovic,Judge.Rogahn@yahoo.com,232-805-5499,0880 Rowland Court,West Mohammed,CA,23660-8324
Hubert,Will,Wiley_Leffler@yahoo.com,525-877-1465,098 Dietrich Groves,Quitzonton,SD,25891
Kimberly,Lynch,Lincoln42@hotmail.com,665-535-4028,646 D'angelo Spring,Kennithborough,CA,53556-5981
Terrence,Weber,Deonte_Kulas@yahoo.com,888-596-5175,6441 Moises Stream,North Halie,RI,76546
Roselyn,Grimes,Eden_Hermann86@yahoo.com,431-160-5320,026 Bergstrom Forges,South Keaganton,VA,66325-3774
Toni,Kerluke,Edwina_Runolfsdottir92@yahoo.com,143-695-0555,088 Carli Square,North Haven,MN,79100-7290
Xzavier,Hahn,Cierra72@hotmail.com,938-473-2620,320 Brown Locks,South Evaborough,KY,63645-4298
Bonnie,Shanahan,Elmer_Metz60@gmail.com,971-136-8924,23561 Ashlee Pines,Vancechester,MS,32971
Cheyenne,Stamm,Maynard.Powlowski53@yahoo.com,606-754-5496,67596 Jude Union,Bradtkefurt,NC,79786-8856
Giles,Monahan,Otis_Ritchie@hotmail.com,578-683-0837,426 Joyce Spurs,West Doug,NY,82911-1860
Gus,Kutch,Isaiah74@hotmail.com,111-469-9122,426 Janae Plain,Ameliaview,NE,20496-2310
Buster,Champlin,Walker_Fisher@gmail.com,951-522-8828,203 Koepp Loop,Torpland,ND,04044-0457
Giovani,Leffler,Alfonso29@hotmail.com,593-137-4866,497 O'Hara Turnpike,Jeramieburgh,UT,80198-0214
Zachery,Rutherford,Bernardo_OHara@gmail.com,948-049-5475,1817 Dibbert Burg,Port Jabarihaven,VT,17784-2508
Jaydon,Pollich,Cornelius_Willms@yahoo.com,268-450-2719,9979 Zemlak Radial,New Prudenceborough,ID,53878
Lambert,Pacocha,Audrey2@yahoo.com,115-793-3157,8375 Rohan Lock,Yostmouth,KS,34449-4277
Oleta,Flatley,Adela_Wyman36@gmail.com,248-083-0552,5649 Jaycee Streets,Inesmouth,AK,68115
Jared,Lynch,Bertram_Mohr@yahoo.com,692-810-1344,9013 Janae Ridge,Alysonhaven,MN,49675-0232
Joannie,Feeney,Veronica.Grady59@yahoo.com,249-419-7326,4659 Hodkiewicz Center,Ryderchester,AK,06510
Michelle,Kassulke,Ulices_Bartoletti50@hotmail.com,196-281-4487,208 Larson Corner,Port Lisettetown,WY,04178-0349
Ward,Koch,Tania3@hotmail.com,672-938-9363,12263 Adella Rest,Mitchellstad,WV,42325-8196
Ladarius,Wunsch,Stanford_Yundt@hotmail.com,877-879-5936,610 Fanny Court,West Yasmine,PA,11093
Freeda,Kohler,Issac.Nicolas52@gmail.com,759-808-6270,18257 McLaughlin Valley,McKenzieton,FL,18123-3851
Jamir,White,Alivia51@yahoo.com,286-104-7159,355 Macejkovic Plains,North Winstonside,NM,74313-4824
Layne,Hagenes,Halle_Cummerata@hotmail.com,489-227-0696,73210 O'Hara Village,Port Veda,NV,96908
Javon,Gottlieb,Valentina_Sawayn@gmail.com,738-602-2409,3344 Josefa Extension,Jessikaburgh,MS,50137-9628
Bertram,Sporer,Daisy.Littel41@hotmail.com,621-340-0844,46236 Gayle Field,East Hortensechester,CT,19300
Brenda,Doyle,Keanu_Shields95@yahoo.com,465-093-2219,021 Hintz Oval,East Nicholausstad,MD,21710
Cynthia,Upton,Tre57@hotmail.com,332-006-5584,7904 Steuber Pike,West Hiltonview,PA,50778-0050
Trever,Carroll,Alvera_Spinka81@gmail.com,997-491-6327,84200 Walker Gardens,Raulton,ND,01435-2147
Jayde,Jacobi,Percival.Walter@gmail.com,157-068-3734,6103 Devan Ramp,O'Haraborough,AK,37024
Ferne,Predovic,Immanuel36@yahoo.com,477-210-2989,714 Abshire Terrace,East Buford,MO,98076-5814
Dane,Shanahan,Ruby_Bernhard@hotmail.com,252-384-2053,835 Lola Rapids,West Raven,LA,58337
Michael,Metz,Berniece.Ziemann86@hotmail.com,208-380-2589,059 Broderick Mission,East Carlottabury,VT,24208-1915
Lyric,Parker,Jillian_Batz@hotmail.com,579-088-0143,888 Rutherford Expressway,North Carlietown,DE,85542
Lea,Block,Irma74@gmail.com,314-060-7376,175 Bart Viaduct,Aliceberg,WA,85568
Maiya,Ondricka,King_Bernhard@hotmail.com,622-740-1687,9934 Heidenreich Extension,New Monserrateville,UT,88575
Megane,Lowe,Adaline.Ullrich@hotmail.com,304-926-3807,7099 Mosciski Streets,Larkinbury,VA,20542-6076
Matilde,Rohan,Dangelo_King@yahoo.com,307-053-1517,1728 White Forks,North Petefort,MO,51253-7384
Steve,Bednar,Cielo.Gusikowski@yahoo.com,310-692-6867,89753 Darrin Valley,Lake Orlando,TN,65888-2591
Maegan,McClure,Leatha.Bechtelar22@hotmail.com,996-293-2417,40434 Spencer Causeway,Port Andreanehaven,CT,94215-4949
Anahi,Glover,Tyson_Jakubowski@gmail.com,438-375-8658,47853 Emile Mountain,Lake Maxie,NJ,03425-7185
Norval,Hand,Mariane.Zulauf27@yahoo.com,905-409-4006,99175 Skiles Extension,Lake Noahville,WY,90741-1698
Roxanne,Nitzsche,Jasen.Feil@yahoo.com,465-945-2661,5280 Terry Canyon,Macejkovictown,MA,74691-0782
Omer,Feeney,Kathlyn.Ryan31@yahoo.com,523-324-6349,5255 Heller Village,East Caleborough,WI,89351-6250
Elisha,Roob,Ashly.Lakin@hotmail.com,516-652-4964,8281 Breitenberg Key,South Norbert,TX,60135-8435
Olin,Zemlak,Alva57@yahoo.com,871-773-7142,57187 McKenzie Ville,Lake Elbertfurt,MS,81437
Augusta,Rogahn,Dangelo_Jones88@hotmail.com,546-943-8361,6504 Beier Haven,West Samson,IN,04547
Salvatore,Franecki,Kian.Collier@gmail.com,084-935-0042,108 Weber Loaf,South Brielle,MS,97242
Leopold,Luettgen,Major82@hotmail.com,865-845-2457,716 Judd Gardens,North Hillaryburgh,OH,30367-1288
Vallie,Lind,Leif94@gmail.com,927-993-1683,3770 Streich Row,Myrtleland,NJ,02929-8194
Loyce,Barton,Verner37@yahoo.com,071-378-0767,0862 Orland Mission,Port Zakary,SC,73100
Bernita,Dietrich,Kathlyn.Tromp@hotmail.com,215-991-8130,44949 Rhianna Terrace,Timmothyview,TX,61030-3977
Martina,Jerde,Gerardo59@yahoo.com,157-762-0408,67121 Ethyl Stream,Hauckside,NH,50454-9436
Heaven,Kunze,Valentine82@gmail.com,672-132-8976,0758 O'Reilly Harbor,Port Moniquebury,WA,79632
Kyra,Klocko,Abel_Collier@yahoo.com,270-547-0801,3809 Samson Summit,New Weston,SD,29952-5304
Zackery,Daugherty,Ivory_Becker@gmail.com,536-559-0504,900 Marisa Pines,McLaughlinborough,GA,11873-0392
Lauriane,Hickle,Macie.Towne@gmail.com,992-782-8602,4559 Will Keys,Lake Rodger,TX,31305-0178
Noble,Schinner,Sigmund_Schmeler89@hotmail.com,647-671-4733,2599 Greenholt Terrace,Brodyburgh,AR,27885-7804
Norene,Tillman,Chance_Fay92@gmail.com,559-232-0404,5619 Ferne Fork,Harrisbury,SD,37149-5616
Aracely,Dickinson,Grace_Bernhard20@yahoo.com,621-913-1274,49155 Elyse Villages,Gottliebburgh,AZ,95147
Julius,Hilll,Lauren70@yahoo.com,386-023-3204,8611 Euna Field,Felipaton,RI,93836-4621
Tanya,Bayer,Ludwig70@hotmail.com,950-185-6607,7700 Zoie Drives,Johnniefort,WI,85725-3577
Delphine,Boehm,Juvenal.Friesen61@yahoo.com,023-107-9285,9912 Rosenbaum Locks,North Donnyhaven,MS,98397-4535
Pearl,Altenwerth,Letha_Beahan@hotmail.com,297-956-4126,0518 Libbie Mill,Candidochester,WA,38769-4851
Solon,Jacobi,Daphney92@gmail.com,293-811-0796,2906 Schuppe Corners,New Dannieport,VT,87333-0780
Edmund,Quigley,Minerva.Volkman23@yahoo.com,840-760-5062,25045 Hamill View,Aricstad,GA,97528-0947
Clyde,Lehner,Vance_Smitham@hotmail.com,708-798-1259,24964 Alaina Centers,East Keithland,NH,95585-8223
Reilly,Schaden,Janiya_Legros17@hotmail.com,008-322-7767,21621 Rosina Crossing,Doriantown,PA,02468-2420
Mariah,Bechtelar,Eleazar_Towne46@hotmail.com,602-964-3395,333 Jeramie Green,North Arlenemouth,RI,68503
Leopold,Keeling,Elvera65@hotmail.com,477-448-6532,35119 Jacobi Mountain,Reillytown,MO,71040-2721
Amparo,Mraz,Diego48@yahoo.com,110-165-6298,079 Gutmann Roads,East Kaylee,RI,55421-1993
Carlotta,Moore,Casimer.Rutherford@hotmail.com,646-587-2853,7142 Blair Fork,Bernierburgh,VT,99548
Jordon,Monahan,Kara.Kemmer@gmail.com,145-086-7907,619 Hailee Islands,Abigalechester,CT,87341
Ron,Pacocha,Karlie.Kutch@yahoo.com,011-454-5090,75815 Bode Spur,South Theresa,GA,81406-0653
Kelli,Larson,Mia26@hotmail.com,954-404-0736,48913 Oda Causeway,South Brisatown,OH,01848-9290
Moises,Olson,Brett_Wehner@hotmail.com,762-991-8721,4303 Hettinger Track,New Callie,ME,15739
Lela,Moen,Martina96@hotmail.com,769-995-5811,519 Cassin Springs,Port Dorisland,GA,03419-7511
Destiny,Hoeger,Carmelo_Greenholt@yahoo.com,649-413-6150,68080 Ubaldo Knolls,New Jovaniside,UT,24320
Casey,Windler,Modesto29@yahoo.com,684-019-7276,1962 Grady Port,Mathiasland,NJ,35183
Sigrid,Gislason,Ashtyn_Russel25@hotmail.com,924-418-8602,2895 Daniella Ferry,Willmsside,AR,40416
Skye,Raynor,Lyric_Nikolaus54@hotmail.com,012-145-7118,3695 Laron Street,Evertton,MT,06719-0680
Jocelyn,Bergnaum,Adeline0@gmail.com,000-711-7390,81336 Scarlett Prairie,Romanport,NV,37088-2157
Eleonore,Toy,Alize.Shanahan@gmail.com,297-596-3009,8307 Dickens Union,Lake Miguel,WV,93063-6396
Charles,Mosciski,Brisa_Cummings@gmail.com,137-535-6608,54328 Fahey Club,Port Murrayside,IL,05851
Otho,Quigley,Rosalinda64@gmail.com,200-087-9947,56698 Madelynn Pike,Lake Bradyborough,NH,38230-0284
Philip,Rolfson,Mike.Carroll31@gmail.com,406-737-6023,89835 Jedediah Rapids,Ivahtown,NH,96024-5520
Rose,Greenfelder,Arno_Walker@gmail.com,886-221-5541,782 Block Cliff,Paulmouth,AZ,56408-3664
Teresa,Will,Tiana_Nolan80@yahoo.com,046-857-5115,584 Dickinson Pike,Port Angelbury,WA,31413
Rocio,Weber,Rusty.Rempel@hotmail.com,551-778-5622,7438 Natasha Road,Raemouth,WV,96996-0660
Lane,Champlin,Lenna58@yahoo.com,193-841-8585,92065 Wilford Hollow,Feeneyburgh,WV,40171-6241
Geoffrey,Marvin,Kiley_Weissnat7@hotmail.com,362-600-4938,0613 Hermann Viaduct,Malcolmmouth,AL,07330-6246
Gilda,Sipes,Jonatan_Goldner@hotmail.com,007-726-9818,0566 Gerlach Stream,East Zoeside,WI,61920-2205
Coby,Nikolaus,Fletcher17@gmail.com,484-478-1318,039 Crooks Plains,Deckowmouth,FL,56056
Leilani,O'Reilly,Trever.Hermiston20@gmail.com,731-956-1362,032 Barney Divide,Romagueraport,MN,69435-7270
Ida,Gleichner,Maxine_OConner@hotmail.com,201-505-5740,3124 Ocie Gardens,South Gwenshire,ME,82367
Taryn,Emmerich,Ethan.Ritchie73@yahoo.com,830-907-7646,217 Homenick Alley,Fredhaven,IL,94675-3886
Damien,Jast,Orrin59@gmail.com,785-054-9841,237 Sammy Summit,Elihaven,HI,81930
Bryce,O'Kon,Elisa27@hotmail.com,727-974-1325,940 Pollich Alley,East Jamelville,OR,80942-7800
Aubrey,Lehner,Sister_Rohan@hotmail.com,128-057-3017,169 Kling Hills,Roryfurt,AR,86040-2624
Rachael,MacGyver,Halle_Torphy@gmail.com,131-325-1288,464 Robel Key,Schmelerberg,IN,09002
Chester,Sauer,Bernadette30@gmail.com,406-642-3958,9507 Dare Neck,Alfbury,SD,11418-2460
Mitchell,Barrows,Savannah_Medhurst@yahoo.com,163-965-6966,358 Susanna Extensions,Greggland,AR,80160
Sterling,Haag,Buster_Marquardt@hotmail.com,690-095-0032,130 Schuppe Prairie,Port Columbus,SD,03478-0890
Sim,Kutch,Clemens_Rice84@yahoo.com,492-157-9498,411 Carleton Junctions,West Noah,OK,50339
Tod,Kuhlman,Kurtis14@yahoo.com,439-877-4768,0512 Travis Flat,South Cesar,IL,22215-3098
Gwen,Langworth,Natasha.Lindgren@gmail.com,843-852-0661,40655 Monroe Divide,Lake Keeley,FL,97915-8555
Gerson,Jenkins,Ruthie43@yahoo.com,814-238-6899,56847 Lind Turnpike,South Maeganview,AR,09543
Johnpaul,Nikolaus,Ignatius.Hilpert16@hotmail.com,164-240-7529,7232 Waelchi Run,Lake Kaliview,MA,45629
Horace,Shields,Janice.Stoltenberg@gmail.com,118-541-0336,191 Reynolds Ville,East Gonzalofurt,MS,99772
Kiana,Tremblay,Rubie.Predovic82@hotmail.com,642-935-6869,42818 Barry Cliffs,Aldafort,PA,59041
Garland,Fisher,Frida9@gmail.com,335-735-3496,3141 Anastacio Landing,Adamsshire,MD,15990-4261
Yolanda,Baumbach,Monserrate_Rice20@yahoo.com,242-423-1405,2773 Adell Parkways,Mertztown,IL,67139-7962
Providenci,Conroy,Kian.Schneider86@hotmail.com,873-510-2955,8872 Ziemann Bypass,South Shemarshire,ID,95626
Albert,Jacobson,Leonard_Pouros@hotmail.com,648-876-2533,76210 Keaton Shoals,Wiegandbury,LA,33630-3741
Shayne,Tremblay,Judge.Considine91@yahoo.com,386-889-8558,48240 Bridgette Pass,Lonnieton,ID,00964
Garrick,Zboncak,Pascale88@yahoo.com,462-008-8752,126 Abernathy Crescent,North Taryn,NV,22245-0523
Carlo,Towne,Rhea.Quigley10@yahoo.com,276-267-4552,83783 Andy Tunnel,East Aryannaview,UT,18522
Cleora,Dickinson,Lucas_Rempel@gmail.com,685-718-2675,892 Doris Mews,Eastonmouth,NE,62967
Joanne,Heller,Jerome.Wolff49@gmail.com,491-297-1907,771 Price Radial,Dickiberg,WY,17551
Dylan,Swaniawski,Ressie.Wisoky@yahoo.com,182-787-4716,7958 Rasheed Villages,New Allyside,FL,57558-9806
Consuelo,Daniel,Kathryne_Feil@gmail.com,226-907-8814,0086 Muhammad Skyway,Laishabury,OR,97950
Giuseppe,Wilderman,Misty37@hotmail.com,532-639-0196,525 Little Square,Carterborough,IN,41401
Aiyana,Douglas,Pattie.Shields@hotmail.com,926-507-6936,71697 Romaguera Vista,East Cortney,ME,13946-3597
Alfonso,Larkin,Garfield_Toy@gmail.com,465-045-0681,3056 Douglas Pines,Port Clintonview,IA,50687
Leanna,Turcotte,Margaretta.Dicki@gmail.com,151-126-1418,364 Rhianna Views,Quintenbury,AL,28094-8253
Darrel,Miller,Ivory.McClure@yahoo.com,870-134-0297,142 Ethel Brooks,Eliseostad,NV,09996-7400
Dawn,Hackett,Edyth.Schmeler72@yahoo.com,202-146-5301,68785 Colt Motorway,North Jevon,WY,48250-9859
Adeline,Osinski,Royce_Nolan@gmail.com,191-165-0163,74490 Zieme Trail,Schmelerborough,MT,68047
Keenan,King,River.Reynolds@yahoo.com,542-200-1038,69566 Josefina Fall,North Ernestland,MO,97560-8758
America,Adams,Isaiah.Hoeger26@hotmail.com,342-948-7613,56543 Bell Isle,Port Raphael,VT,50966-9125
Gwendolyn,Schumm,Ariel_Weissnat39@hotmail.com,514-742-1996,6453 Batz Shoals,East Aimee,AZ,00513
Layla,Denesik,Jasmin31@hotmail.com,624-486-5272,2085 Kling Path,South Yadira,PA,22156
Karli,Donnelly,Deonte18@gmail.com,461-691-0718,43622 Bartoletti Summit,Sterlingchester,AR,37470-5471
Manuel,Prohaska,Arch82@gmail.com,770-855-9993,67712 Marcella Crossing,Wolfstad,ND,96078-9612
Theresa,Kling,Jacynthe_Haag@gmail.com,892-112-6747,91008 Schimmel Crest,South Cooper,LA,11573
Matteo,Fadel,Asa_Stracke@hotmail.com,310-280-2620,13390 Dariana Drives,Marilyneport,HI,17486-6101
Jarod,Little,Rachelle.Spinka37@gmail.com,650-343-2362,64276 Beahan Forest,Cordieshire,FL,76805
Haskell,Bahringer,Wilson16@hotmail.com,927-219-9705,00305 McGlynn Cove,North Alainatown,TN,34433
Therese,Hand,Britney.Dickinson58@yahoo.com,238-560-1797,66710 Dorris Common,Casandraview,CA,07768
Justus,Huel,Annamae11@hotmail.com,538-125-9147,931 Ward Vista,West Zaria,TX,89320
Chaya,Yost,Marjolaine81@hotmail.com,723-395-5334,0836 Cassin Ways,Kemmerside,MS,65458
Samir,Donnelly,Era.Moore@hotmail.com,511-787-0991,2634 Skiles Drive,Rauland,NM,57745
Merle,Dickinson,Weldon92@gmail.com,827-622-5845,29944 Erwin Canyon,Jorgebury,ND,51258
Cullen,Gottlieb,Hallie.Beatty47@hotmail.com,876-684-0106,8066 Erdman Junction,South Montanaland,OH,24220
Alek,Muller,Amara_Schaden@yahoo.com,663-995-2558,387 Camryn Unions,Padbergland,MT,96414
Maurice,Dibbert,Rosemarie.Murazik@hotmail.com,692-696-3593,3504 Jermaine Prairie,Reillyview,NH,72696-2986
Don,Hodkiewicz,Janet83@gmail.com,389-641-4138,99217 Kemmer Extension,Lavernstad,MT,81375-1661
Alfonso,Herzog,Cortez.Blick41@yahoo.com,331-427-0708,1965 Dibbert Causeway,Cyrilton,VT,64036-3054
Marisol,Lind,Caden_Runolfsson24@gmail.com,426-057-3945,591 O'Reilly Glens,East Laisha,AL,16963
Griffin,Predovic,Marisol.Streich@hotmail.com,618-838-6167,8238 Pierce Glen,Enochbury,MN,11586
Chadrick,Strosin,Eulah27@hotmail.com,294-043-9951,9962 Johnston Walks,Feeneystad,MT,89126
Jarrod,Kuhic,Nico.Ankunding@hotmail.com,047-051-3808,00249 Adriel Throughway,Port Coraport,SC,74025
Justen,Carroll,Kiel28@hotmail.com,355-800-2857,3072 Lesch Mountain,Westchester,FL,81151
Ashton,Reichert,Mauricio_Connelly@yahoo.com,182-335-9441,551 John Falls,Langoshstad,AL,12681-2926
Jaunita,Wolf,Demetris.Williamson@gmail.com,555-395-5090,7230 Lambert Greens,Creminport,NM,57895
Dangelo,Block,Ambrose.Reichel9@yahoo.com,795-890-9263,758 Crawford Camp,North Madonnaberg,MN,60582
Bethany,Harris,Juliet2@yahoo.com,472-880-8380,14952 Reilly Glens,Lake Lavernshire,NE,12419
Branson,Tromp,Ethelyn_Metz55@yahoo.com,857-338-7295,6517 Isobel Prairie,Treutelview,WV,64062
Eugene,Hahn,Eulah.Hegmann@hotmail.com,413-632-8412,90651 Murphy Avenue,New Darrel,RI,00372-2355
Zetta,Frami,Karli.Kuhlman@hotmail.com,259-257-8776,010 Rhianna Meadow,Clevefurt,NE,66130-7404
Renee,Kreiger,Rusty89@yahoo.com,789-465-6499,8937 Glen Freeway,Kohlershire,OH,76365-1374
Alaina,VonRueden,Dustin_DuBuque@hotmail.com,810-249-5356,19112 Lindgren Haven,Parkerstad,KY,76465
Prudence,Legros,Kaylie_Kertzmann@yahoo.com,250-073-1648,2325 Armani Crescent,Gerlachton,NH,95116
Meaghan,Beatty,Reba62@hotmail.com,256-765-3174,61803 Beier Loaf,West Chelseamouth,UT,00276
Novella,Haley,Amari16@gmail.com,370-547-0027,9672 Douglas Trail,New Muhammad,SC,63238-7616
Ocie,Dach,Maida54@gmail.com,376-604-3296,9793 Bayer Extensions,Grahamfurt,MT,34008-2391
Carissa,O'Hara,Kayli56@yahoo.com,489-775-9002,9417 Purdy Parks,Krismouth,WV,38510-8534
Melvina,Bode,Bertrand_Dicki84@gmail.com,318-573-1524,96722 Brannon Points,New Lessiefort,NE,03950-3165
Christ,Waters,Ed_Botsford@hotmail.com,758-113-8932,1802 Lurline Trail,Stammtown,CO,58222
Madyson,Labadie,Jovanny.Jenkins59@hotmail.com,520-319-8909,1635 Patsy Meadow,Milfordborough,CA,27386
Kyleigh,Kemmer,Maida_Hane@gmail.com,554-665-2730,7458 Arch Lane,Lloydville,VA,82624
Rahul,Sanford,Hannah40@hotmail.com,575-358-2405,06369 D'Amore Ranch,New Rosettabury,DE,65226
Enid,Kutch,Rosario69@yahoo.com,718-602-1759,423 Laurine Points,Mertzmouth,NE,43302-0335
Leta,Feil,Nadia39@yahoo.com,265-833-1042,23087 O'Conner Station,Lake Flo,NE,96663-8139
Arlo,Schaefer,Ryley82@hotmail.com,982-891-3150,3385 Yundt Alley,Langworthfort,AZ,49922-6204
Ayana,Stoltenberg,Amiya_McClure@gmail.com,834-742-9134,9991 Torp Keys,Ottoton,NC,94119-7410
Alana,Volkman,Rey34@hotmail.com,425-596-7912,5636 Buckridge Falls,Weissnatshire,NH,47011-8379
Magnus,Champlin,Jeanette.Deckow56@yahoo.com,093-349-2592,238 Arlie Track,Gloverhaven,IL,75901
Halie,Bode,Aylin_Ryan52@hotmail.com,098-273-8877,6078 Maida Shore,Markstown,ME,06098
Jack,Schoen,Cathy23@hotmail.com,027-812-3765,45384 Jaylan Unions,New Christopherview,MD,32895-2296
Easter,McCullough,Monty0@hotmail.com,330-094-0641,71367 Hodkiewicz Wells,Homenickfort,MS,84188
Kira,Stroman,Alene_Aufderhar15@gmail.com,357-951-4985,35475 Lowe Park,Macejkovicmouth,WA,68308
Rose,Ruecker,Coy11@hotmail.com,784-894-3499,364 Fritsch Trail,Anjaliland,PA,43254
Myra,Hegmann,Nicklaus9@gmail.com,489-941-7103,80924 Kathlyn Flat,Evansstad,MT,61569
Alfredo,Davis,Skye.Bergnaum@yahoo.com,716-262-3703,29901 Batz Terrace,Georgiannamouth,GA,59827
Xander,Reynolds,Stevie_Brakus@hotmail.com,530-658-0788,665 Bechtelar Parks,Kerlukeland,OR,82127-0180
Brandt,Maggio,Ned78@hotmail.com,021-203-9202,026 Ambrose Corners,Hammesview,WA,52425
Katlynn,Schumm,Jamal.Lebsack@gmail.com,851-151-3019,6491 Marian Gardens,West Halie,CO,81229
Cullen,Reynolds,Mortimer_Corkery@yahoo.com,842-119-1127,497 Rick Gateway,East Daryl,VA,56300
Keshawn,Hauck,Dasia_Boyle@yahoo.com,591-099-5799,1546 Jed Passage,Lake Delpha,ID,58981
Davin,Ernser,Celia62@gmail.com,547-173-4766,82432 Quentin Ways,South Duncan,OK,63833-1998
Arnaldo,Hahn,Maxime.Kihn@yahoo.com,302-407-5145,73515 Heller Forges,West June,KY,16459
Myrl,Cartwright,Colt_Maggio32@hotmail.com,121-897-8665,1899 Stracke Crossroad,Johnsland,OH,62125
Naomie,Cartwright,Clair_Romaguera81@yahoo.com,630-622-9316,273 Adonis Harbor,New Braedenborough,AZ,77470
Fredy,Feest,Veda.Moen@yahoo.com,237-177-1646,228 Destinee Shore,North Abby,WV,30987-7134
Emmett,Schumm,Florencio_Beahan@gmail.com,764-626-9742,10671 Vaughn Court,Lake Warren,AL,37071
Leatha,Graham,Easton.Purdy@yahoo.com,679-609-2350,8874 Clarabelle Ville,Anabelton,OH,11575-4924
Rhoda,Windler,Jasmin42@yahoo.com,104-531-3949,77543 Nakia Lane,North Modestaton,AL,12733
Nikita,Dickens,Marcus_West71@yahoo.com,421-333-0572,86711 Olen Junctions,Yadirashire,MO,56869
Modesto,Ernser,Edwardo49@gmail.com,958-306-8311,45921 Everett Parkways,Brownchester,NM,93976-3396
Lavina,Daugherty,Roderick_Towne@yahoo.com,367-893-5907,7325 Kilback Shoal,Heidenreichmouth,UT,25588-4748
Amir,Cruickshank,Lindsay_Keeling89@gmail.com,018-111-1846,45444 Effertz Island,Lake Karelle,KY,13696-0153
Enrique,Koepp,Aglae53@gmail.com,784-509-8802,708 Fahey Knoll,North Jamal,MS,76980-4211
Corrine,Vandervort,Onie61@hotmail.com,287-567-0901,24815 Marquardt Alley,North Thorashire,NJ,94237
Lexus,O'Conner,Alexa_Auer6@gmail.com,105-462-0175,307 Daniel Highway,Lake Maeganmouth,WI,04702-2680
Marc,Stokes,Clovis39@gmail.com,624-074-6625,12036 Cristina Mount,Port Nealfurt,LA,54744-3017
Destinee,Legros,Richie.Bednar12@yahoo.com,869-439-5416,93482 Kautzer Pine,Greenfelderborough,ID,56312-2886
Elody,Ebert,Barney_Gusikowski@gmail.com,822-989-8437,0850 Schuster Springs,East Kamryn,MA,56949
Jacky,Gibson,Johnathan_Zulauf@hotmail.com,298-204-7386,04806 Kovacek Falls,Lake Joseph,DE,13480
Leonie,Wolff,Korey.Gaylord35@hotmail.com,251-420-7636,54523 Balistreri Shore,North Kip,IA,36617-2337
Annabell,Anderson,Sebastian_Torp86@yahoo.com,739-681-1235,989 Yundt Cove,Labadiemouth,WY,27717
Augustine,Brekke,Roxanne_Goyette16@gmail.com,836-419-5342,83177 Izabella Light,Murphyborough,FL,47367-8693
Reid,Wyman,Rod0@yahoo.com,782-728-0180,9120 Shirley Drives,Hershelmouth,MS,14694
Donna,Buckridge,Cheyenne.Bauch50@yahoo.com,207-788-0883,3500 Haley Radial,Hershelberg,CT,78322-0896
Cheyenne,Wuckert,Tiana.Murphy77@yahoo.com,051-042-9930,61882 Leffler Lake,North Clarabellechester,NY,86493-4310
Lew,Grady,Brooks74@yahoo.com,536-140-2973,455 Jayme Loop,Emmanuelburgh,CO,13362
Hailey,Daugherty,Leslie.Jacobi@gmail.com,986-913-6540,37746 Kilback Port,D'Amoreton,KY,35918
Tommie,Marquardt,Anderson_Stamm76@hotmail.com,665-683-1376,867 Trudie Valleys,Lake Aurelieport,AK,67999
Reyna,Denesik,Lula_Kuhlman41@hotmail.com,543-587-1027,54658 Tina Shores,Winstonmouth,LA,33550-6612
Brannon,Altenwerth,Lydia_King61@gmail.com,688-298-4718,37953 Murphy Island,Patienceshire,SD,39688
Ola,Hamill,Halie3@yahoo.com,228-610-3333,21220 Bernhard Ramp,North Reilly,OH,33293-5349
Alia,Bergnaum,Marcelina_Ledner@yahoo.com,021-724-6384,2408 Dashawn Square,North Koby,AR,51014-1550
Kale,Macejkovic,Ryley.Lynch48@gmail.com,408-503-8778,4654 Tanya Pine,Florianstad,MA,43636
Michel,Miller,Zelma_Dach23@yahoo.com,451-412-1750,5841 Howell Island,Vivianside,MA,61818-8854
Jacinto,Hettinger,Anastasia.Murray@gmail.com,083-806-7711,71068 Elmer Underpass,Myronland,NE,50721-5024
Hyman,Parisian,Jillian_Davis97@gmail.com,855-727-7300,6514 Sandra Village,South Lindsay,WY,05522-9222
Janick,Schneider,Savanna_Ryan13@gmail.com,047-187-4815,4923 Maiya Green,West Kendrickfort,AR,59811
Miguel,Fritsch,Raquel_Pouros@yahoo.com,924-818-2466,00091 Jordane Passage,West Maverickstad,RI,73752
Clinton,Hahn,Mylene11@hotmail.com,466-575-8968,5566 Geraldine Center,Lake Corine,AZ,90450-2662
Jasen,Raynor,Alyson.OConner@hotmail.com,170-715-1013,156 Rempel Place,Oniehaven,KS,07522
Joanny,Hilpert,Frankie.Wunsch@yahoo.com,356-711-6567,35655 Loy Stravenue,Audreyport,GA,95541
Kayli,Howe,Velma6@gmail.com,993-805-4838,784 Hoeger Lake,Queenieside,NV,10339
Jordan,Rutherford,Godfrey.Cruickshank63@hotmail.com,995-214-6142,05561 Kunze Causeway,Bartolettistad,AK,07947
Trenton,Bogan,Garrett_Lang@gmail.com,958-132-0593,7522 Yost Road,Manleychester,OH,93201
Conrad,Rosenbaum,Coty_Moen@yahoo.com,414-358-5194,524 Bartell Fort,North Burniceport,VA,82632-6201
Hertha,Romaguera,Antonio.Beahan84@yahoo.com,178-383-4455,00207 Howell Tunnel,North Frances,MS,02244-0448
Anya,Jakubowski,Cleta.Hodkiewicz9@hotmail.com,750-532-6676,6780 Kaitlyn Bridge,Parkerchester,MA,64153
Karl,Bartoletti,Cordell71@gmail.com,444-860-3172,287 Nathaniel Station,Port Cathrynville,CA,09344
Florence,Langworth,Alysha.Larson@gmail.com,565-363-3462,5867 Watsica Lodge,Port Monte,NH,25238
Dario,Kozey,Emmanuelle.Emmerich29@hotmail.com,461-886-5463,49425 Bernier Roads,Lake Darian,ME,09727
Mustafa,Senger,Reid54@yahoo.com,764-607-8469,8343 Marjolaine Harbors,New Jadynfort,KY,22377
Bonita,Jacobs,Deborah.Wolff80@hotmail.com,327-614-4257,272 Crona Walk,Beahanside,HI,53432
Alexander,Barrows,Thaddeus.Kihn@yahoo.com,716-114-9547,0069 Arnoldo Estate,Novellamouth,WV,66899-7834
Zechariah,Rohan,Alec.Murazik70@hotmail.com,902-745-7191,2273 Ed Forest,Lake Brennanside,ND,09342-9465
Penelope,Pouros,Magnolia_Dicki@yahoo.com,999-601-1590,82909 Brendan Villages,Carrollmouth,IN,36575
Consuelo,Senger,Corene32@gmail.com,749-207-7505,8632 Fae Locks,Volkmanberg,AR,59087-6431
Clare,Armstrong,Luciano_Beier@gmail.com,387-366-2325,8287 Haley Extensions,South Khalidton,TN,45695
Kyra,Bergnaum,Demarcus0@hotmail.com,884-748-9015,466 Eduardo Alley,Ondrickamouth,AR,60829-2228
Irving,Skiles,Catherine_Wisozk28@gmail.com,618-390-0338,0807 Sanford Trace,Pfefferbury,AR,06967-2698
Vladimir,Hintz,Myrl54@yahoo.com,343-969-1135,1000 Blanca Trail,East Pearliehaven,AR,91907-6406
Maeve,Morar,Lina_Zboncak@yahoo.com,611-101-5052,57051 Waters Grove,East Tyrique,MT,29554-6490
Tiara,Braun,Tania_Kunze79@hotmail.com,064-807-4671,45367 Rosemarie Isle,Aldenshire,WI,31248
Ayana,Larson,Trudie_Ward@gmail.com,283-974-0275,65774 Streich Road,West Generalland,WI,71471
Nolan,Zemlak,Ebba_Osinski56@hotmail.com,058-692-7594,8790 Carroll Bypass,Weimannville,CT,46044-9837
Teagan,Beier,Maverick.Kemmer@gmail.com,766-363-0921,946 Princess Avenue,Port Cassiechester,CA,20302
Cristal,Turcotte,Nadia.Homenick@hotmail.com,199-703-1315,016 Brakus Harbors,Evelineside,NY,05101
Amos,Watsica,Saige81@yahoo.com,455-439-3212,237 Cormier Crossroad,Romagueraview,HI,00838-1491
Napoleon,Kilback,Mollie.Ondricka@hotmail.com,889-307-0258,497 Maryam Locks,West Angela,TN,88120-4231
Rahsaan,Walker,Minerva.Lang@hotmail.com,996-911-0659,8774 Lowe Pine,South Joshua,KS,50624-1383
Jaqueline,Schimmel,Sophia.Hirthe67@gmail.com,691-252-9235,765 Weber Walk,Port Ellsworthmouth,UT,95813-5198
Reanna,Huels,Arianna13@gmail.com,296-512-1919,3571 Sipes Locks,Bernitatown,NC,87726
Khalid,Kunde,Camryn96@gmail.com,384-629-5765,355 Lennie Stravenue,New Kadinfurt,IL,96220-3337
Tessie,Flatley,Buddy.Mann8@hotmail.com,477-982-1914,9288 Hermann Wells,West Brodystad,PA,85816-8777
Torey,Pollich,Simone59@hotmail.com,583-286-9079,41467 Helena Cliffs,East Keltonberg,ND,49269-4340
Maud,Paucek,Meaghan.Oberbrunner82@hotmail.com,448-782-4326,01548 Gulgowski Lodge,Cormierborough,SD,42781
Virgie,Crist,Pedro.Jerde@yahoo.com,993-961-5762,548 Oberbrunner Road,Gaylordview,AL,57297-6766
Alison,Wunsch,Mia96@yahoo.com,250-452-7789,1576 Maggio Vista,Port Theoview,PA,59724-9297
Marianna,Powlowski,Elroy.Lynch9@gmail.com,215-938-6484,605 Lesch Mall,South Sid,VT,32676
Zack,Beer,Gino.Zboncak35@gmail.com,985-590-9390,7715 Corwin Mount,Port Oran,AR,29809
Sylvan,Kuhic,Austen_Spencer99@yahoo.com,799-664-3038,8057 Shirley Circle,Seanport,SD,67830
Tyreek,Pfeffer,Moses_Hickle@gmail.com,163-544-2827,4560 Kreiger Divide,East Laurieside,IN,54141
Kaelyn,Pfeffer,Elisa_Yundt@yahoo.com,605-329-1170,93550 Auer Lakes,West Damion,NY,03093
Dante,Braun,Guillermo.Wiza@gmail.com,447-193-7035,17333 Moises Mission,Wadeburgh,OH,82852
Parker,Powlowski,Elisabeth.Kovacek64@gmail.com,766-231-6575,310 Wilderman Lodge,East Alexandrafurt,TX,78762-9088
Bertram,Koelpin,Serenity.Kuvalis@yahoo.com,481-615-2311,267 Kiley Land,South Roxane,HI,47981-5305
Curtis,Bernhard,Green.Treutel46@yahoo.com,787-790-4126,4103 Willms Wells,West Juanaview,NE,33558-0995
Francis,Renner,Chaim.Cole49@gmail.com,265-319-6139,68054 Jarret Manors,New Gardner,IA,90062-2268
Cristal,Kihn,Erling_Bauch30@gmail.com,194-771-5906,03031 Collins Square,Hammesshire,HI,53495
Desiree,Collins,Emie37@hotmail.com,625-478-2575,417 Brant Fork,Russelside,MA,17688-0881
Aurelie,Herzog,Ransom_Greenholt@hotmail.com,987-872-4149,67596 Stuart Court,Lakinborough,UT,58514
Elias,Bradtke,Anastasia_Towne30@yahoo.com,943-384-8731,327 Nakia Landing,Alyshaberg,ND,05114
Curtis,Roberts,Baron61@hotmail.com,101-478-8767,26564 Alexandro Ridges,Randalside,NM,82828
Sandra,Farrell,Burnice35@hotmail.com,381-018-9753,372 Berneice Ferry,Francoshire,NJ,14900
Marjolaine,Gottlieb,Geovany_Mohr@yahoo.com,354-577-7558,027 Jermey Cove,Joneschester,MO,49389-5046
Marcellus,Schulist,Kyra28@hotmail.com,315-228-3861,9001 Conn Crossing,Jakubowskiport,IA,30118-0409
Milford,Parisian,Eloisa_Effertz14@yahoo.com,009-358-7454,33832 Kris Cliff,Millerfort,VT,38939-3181
Hazle,Zboncak,Johnathon.Lehner57@yahoo.com,324-816-9596,429 Hegmann Fields,Lake Halstad,AL,27755-7134
Roman,Erdman,Lukas_West90@gmail.com,895-594-6990,1637 Kihn Circle,Tyresechester,WY,75330-1936
Heloise,Larson,Heaven.Legros@hotmail.com,323-898-8851,80850 Flo Extensions,Klockostad,NV,88963-2628
Enrique,Braun,Arch56@hotmail.com,743-773-9806,1180 Hand Isle,Kertzmannfurt,KS,52175
Domenick,Moore,Abdiel_Sauer@gmail.com,414-858-9590,310 Jeramie Mission,East Cletusside,AZ,69244-4132
Nathanial,Kihn,Eliane37@gmail.com,898-475-2351,82894 Elinore Viaduct,Lake Colinton,AZ,55835-1706
Anahi,Kuphal,Lee85@yahoo.com,446-983-2707,2511 Heller Stream,Sandybury,OK,85632
Citlalli,Cronin,Polly_Langworth59@gmail.com,066-242-5422,51848 Salvador Islands,West Henri,UT,97978
August,Wilderman,Ford.Kessler54@hotmail.com,574-907-9285,3171 Kiehn Fords,Willfurt,NJ,89369-7640
Amalia,Carroll,Thea.Bruen@hotmail.com,882-439-9794,0946 Casper Terrace,New Bentonstad,IL,05014-0210
Allene,Goyette,Lenny_Cartwright64@hotmail.com,570-566-7162,4436 Bernier Harbors,Lake Fletcher,WY,17195-0102
Anika,Cole,Janessa_Flatley59@hotmail.com,271-510-2612,5997 Douglas Port,South Donatostad,AR,83635
Ashton,Kris,Sigurd6@gmail.com,959-020-4942,614 Wilkinson Islands,East Sydneystad,MT,77970-5858
Lila,Blanda,Waylon_Collier@yahoo.com,621-577-5579,849 Walton Street,Lake Ila,WV,13656-7212
Humberto,Kohler,Harrison.Olson39@yahoo.com,236-949-4599,594 Marlene Vista,East Darronview,NE,00462
Cornell,Metz,Daija.Rempel88@hotmail.com,072-837-0835,4157 Kennedi Rapid,Lillychester,PA,38189
Matt,Rolfson,Maegan_Hilpert@yahoo.com,106-287-2361,042 Cassin Forge,North Marta,WI,05515
Theo,Padberg,Ally98@hotmail.com,978-952-2270,154 Aaron Crossing,Gracielaside,MI,98471-3266
Elisabeth,Okuneva,Jeanette9@hotmail.com,990-591-9796,253 Lamont Road,Emoryborough,FL,34907-8397
Dell,Anderson,Jack79@hotmail.com,925-252-9427,617 Lera Gardens,East Damon,WI,03744
Ashley,Borer,Deron_Mertz17@yahoo.com,372-083-3094,49533 Rodger Hill,Port Joseville,WV,72384
Kameron,Wehner,Carter_Sawayn@hotmail.com,624-659-9526,66781 Stamm Falls,Port Garland,NV,75211
Emelie,Wilkinson,Palma.Wilderman28@hotmail.com,391-933-9957,6817 Maggio Avenue,Lake Shea,CT,13500-5102
Ottis,Brekke,Erik.Bayer17@yahoo.com,885-485-9312,431 Graham Cove,Alvaburgh,MS,40751-3478
Lucio,Botsford,Eden.McLaughlin69@hotmail.com,497-000-9457,6631 Kacie Points,Edwinaburgh,TX,69655-3479
Terrence,Champlin,Claire_Moen@yahoo.com,434-528-3524,480 Gulgowski Overpass,Rutherfordfurt,OK,63687
Minnie,Kuhn,Watson.Jenkins99@hotmail.com,111-564-9100,4090 Frankie Meadow,Kayleyfurt,CA,78499-3768
Ruby,Rippin,Cierra.Friesen83@yahoo.com,333-179-5770,951 Gianni Greens,East Fannyshire,SC,65116-3815
Lennie,DuBuque,Jadyn_Schaefer@yahoo.com,728-431-6656,028 Lueilwitz Club,North Krystalbury,AZ,76506
Keyshawn,Ratke,Rosa46@yahoo.com,348-676-4557,842 Kory Shoals,Strackeberg,WA,98464-3348
Keagan,Nicolas,Katlyn.Langosh96@hotmail.com,479-980-4437,3210 Jacynthe Ports,South Myleneville,NJ,53188
Rhett,Dietrich,Flavie99@gmail.com,569-985-8327,450 Green Meadows,Port Serena,MN,67978
Dejuan,Morar,Mathew_Yost@yahoo.com,221-561-9773,883 Wilhelm Squares,Hartmannhaven,WY,90782
Kathlyn,Sawayn,Oswald.Doyle@yahoo.com,512-541-0814,1094 Deangelo Ports,Llewellynchester,IN,28901-8559
Lola,Mante,Reymundo_Berge@gmail.com,854-249-4869,45227 Tremaine Lodge,New Lolita,CA,25953
Raven,Williamson,Dawn.Langworth77@hotmail.com,910-495-2847,2837 Isabel Manor,Toneyview,OH,13771
Lina,Jacobs,Herminia.Kunze13@yahoo.com,327-732-3546,536 Dooley Glen,North Jalynview,RI,38401-7038
Jordy,Labadie,Kim_Conn79@yahoo.com,159-483-5901,3405 Layla Loop,New Maybelle,FL,32614
Arch,Smith,Jacky_Kshlerin52@hotmail.com,366-781-2381,83338 Muller Manors,East Lou,NC,99871-4397
Oceane,Sanford,Dangelo.Goyette@gmail.com,389-424-7567,0575 Dach Village,Athenaton,MO,83713-3702
Melisa,Simonis,Aditya21@hotmail.com,111-465-4580,7304 Pollich Vista,West Delphine,IN,25242
Connie,Rice,Amy.Ruecker@hotmail.com,378-202-9893,721 Cummerata Bypass,Ullrichport,AR,82167-7891
Madge,Hickle,Brielle.Walter6@yahoo.com,861-303-1221,05676 Elena Knoll,New Xandershire,AZ,97862-8986
Fay,Bogisich,Rhoda.Mayert28@hotmail.com,424-961-7737,2965 Carmen Drive,West Carolyneton,ND,59733
Kieran,Zulauf,Raven.White@hotmail.com,606-987-8361,180 Claudie Springs,Oscarhaven,TN,88880
Chyna,Glover,Natalie.Kerluke50@hotmail.com,409-336-8526,810 Barrows Ridge,Lake Alta,NC,40091
Amaya,Farrell,Nya96@gmail.com,129-086-7977,20167 Phyllis Ford,Norwoodshire,UT,93194-5229
Justen,Ward,Alfred71@hotmail.com,166-347-0741,31322 Rohan Cape,Pacochaside,HI,23434
Elvis,Heaney,Roosevelt67@gmail.com,560-084-3970,8816 Kuhic Loop,New Paulfurt,OR,07190-7066
Giles,Gerlach,Sallie36@gmail.com,025-923-5583,99344 Cole Junction,West Elda,WA,56721
Lenora,Mertz,Shanny.Schneider@gmail.com,262-635-8331,3560 Kaycee Row,Joanneville,MD,51749-2638
Felipe,Schmidt,Willa.Wiza97@gmail.com,743-841-4325,237 Idella Burgs,Mistyburgh,IN,04134-9058
Janet,Roberts,Elaina_Stehr25@gmail.com,765-273-3378,44843 Horacio Drive,New Peytonberg,TX,54443-8845
Howell,Metz,Taryn94@yahoo.com,064-528-3304,897 Yoshiko Street,North Wileymouth,ME,76170-2444
Bennett,Cummings,Felicity33@yahoo.com,315-674-1828,9390 Rubye Mountains,West Hollis,TN,20030-3492
Edyth,Spinka,Jarret_Stracke@gmail.com,025-617-3786,82333 Maida Road,Albertamouth,DE,27708-5795
Rickie,Hammes,Trace.Jerde@gmail.com,362-281-8311,55349 Bailey Lock,West Tiaville,OH,77759-0954
Rico,Watsica,Sanford_Kirlin79@gmail.com,577-962-7032,947 Karlee Lights,Jakubowskiton,NH,75727-1777
Murray,Gutmann,Jazmin_Orn69@gmail.com,026-130-3505,628 Annie Junction,South Mableside,IL,32977-2772
Janet,Labadie,Bulah_Fisher51@yahoo.com,066-585-5346,34204 Lonny Street,North Asa,WA,26919-1290
Fleta,Wisozk,Ursula_Eichmann83@yahoo.com,705-654-4652,968 Larissa Mills,Metzview,MN,76149
Antonette,Connelly,Arnaldo88@gmail.com,706-215-9769,4382 Bayer Street,Dachville,VA,79285
Mathew,Hilpert,Turner69@gmail.com,860-055-7228,05804 Orn Parkways,Savionburgh,IN,82127
Jameson,Stanton,Ruthie_Quitzon@gmail.com,120-663-4863,7646 Easter Street,Rhettmouth,OK,65464
Sammie,Langosh,Maribel.Bergstrom@yahoo.com,089-094-0627,3545 Kozey Port,North Jasper,VA,63059-7883
Korbin,Prosacco,Ada_Roberts@yahoo.com,484-440-0638,6678 Veum Expressway,Lake Aiden,FL,93312
Marvin,Hand,Zita19@yahoo.com,701-302-2887,666 Osinski Key,Earlborough,WY,68086
Ottilie,Willms,Macie68@hotmail.com,014-764-2021,85603 Pearlie Lights,Lucindabury,KY,72980-2735
Foster,Donnelly,Alford.Corwin15@yahoo.com,646-574-4795,529 Leannon Stravenue,West Bennett,IL,37451
Anibal,Ruecker,Kristina.Gutmann11@gmail.com,936-631-9418,56571 Maxie River,Port Jessica,MO,54805-6383
Mazie,Stracke,Gwendolyn70@yahoo.com,383-803-2650,514 Blanda Roads,Wizaburgh,VA,94695-2980
Kaley,Lebsack,Kristin90@yahoo.com,220-429-9090,81658 Johns Fords,South Jacey,AK,29537-1740
Roxanne,Barton,Dasia.Smitham23@gmail.com,820-238-1056,663 McKenzie Ramp,Dedrickside,ND,55930
Alfreda,Mitchell,Adolphus37@hotmail.com,706-167-2125,02547 Hintz Stravenue,Altenwerthmouth,WA,32231
Malinda,Turcotte,Wellington13@gmail.com,161-965-4177,640 Herta Burg,Jaskolskiport,NV,05959
Sim,Tromp,Kristofer_Wiza@gmail.com,939-805-3387,223 Langosh Extensions,Toyborough,OR,80721-8613
Kellie,Schneider,Roscoe.Tromp2@hotmail.com,450-979-2824,647 Bode Mountains,New Elmira,ID,48766-2092
Jerome,Morissette,Amya_Mosciski17@gmail.com,574-561-5638,843 Ervin Heights,Aidaport,TX,82725-4006
Alicia,Murazik,Hazle.Kuphal@hotmail.com,015-603-0268,20358 Volkman Mill,Port Davontemouth,WI,29289
Emmitt,Botsford,Jamal.Cole@yahoo.com,192-281-3502,7868 Kshlerin Loop,South Marcellus,AL,67919-7325
Dameon,Cormier,Charlene.MacGyver@yahoo.com,449-170-4730,51218 Ankunding Radial,Alexaland,MS,55639-0751
Jon,Heaney,Jackie81@yahoo.com,734-714-7835,375 Dietrich Park,South Karleeville,VT,54938
Clay,Ziemann,Caden_Lemke54@hotmail.com,535-368-9616,1212 Kiehn Square,Hellertown,MD,31027
Briana,Runolfsdottir,Gregory_Donnelly@yahoo.com,166-027-5413,55439 Nolan Road,Reneestad,AZ,34233
Keshaun,Beier,Frank42@gmail.com,689-366-2575,987 Russel Terrace,Alvenaville,WA,38817
Milford,O'Conner,Madge35@gmail.com,370-880-1689,0006 D'Amore Inlet,Deangelotown,WY,54393
Adolf,Kertzmann,Daren.Kris@hotmail.com,879-489-9882,9107 Lavada Garden,Oberbrunnerfurt,NM,08259
Brenna,Bednar,Zack_Keeling90@hotmail.com,418-440-3587,01810 Goodwin Forges,South Deontae,NV,05695
Bert,Grimes,Kari.Abernathy69@yahoo.com,746-548-9018,655 Kyla Gardens,Leonardoville,OR,57260
Mathias,Greenholt,Gerald.Swift@hotmail.com,486-386-0826,709 Michele Parkway,New Imogeneport,NV,25288-0965
Alberta,Bailey,Shyanne1@hotmail.com,073-132-9624,54850 Jeffrey Causeway,New Marie,CA,14429-8273
Arvel,Marvin,Bertram_Kuhic@hotmail.com,518-397-6341,16970 Damaris Spur,Lake Leta,WA,98622-7621
Gregory,West,Wanda77@gmail.com,925-529-2803,732 Bednar Mountains,Kadenstad,PA,54875-1994
Maribel,Bartoletti,Leopold.Purdy98@gmail.com,460-171-9137,22237 Jordan Centers,Johnstonfurt,NM,96092-1201
Betty,Zieme,Duncan_Metz69@yahoo.com,240-304-1216,79527 Thompson Causeway,New Adrianna,LA,00625-8892
Precious,Kulas,Keagan.Osinski88@gmail.com,355-055-8775,571 Kole Fall,Heidenreichton,RI,70586
Cletus,Stracke,Orval95@hotmail.com,240-729-4999,8420 Crona Turnpike,Funkside,OH,25412
Maye,Dooley,Jason22@hotmail.com,987-664-0891,245 Braulio Club,East Verniefort,WY,43618
Chase,Heller,Davion_McGlynn68@hotmail.com,853-544-3829,68222 Doyle Ville,Lake Jabarifurt,VA,75409-0654
Joanne,Rodriguez,Gerda_VonRueden46@yahoo.com,917-454-8164,2128 Grady Manors,Schulistport,RI,49775
Clinton,Block,Spencer.Hodkiewicz@gmail.com,611-197-8067,45641 Cummerata Radial,Tierrashire,NM,19195-4907
Dudley,Rolfson,Joseph.Jacobs@yahoo.com,003-805-1664,4755 Nicola Shoal,Haneton,MA,65729
Rossie,Medhurst,Sarina25@yahoo.com,731-315-3474,5806 Grant Ridges,South Estella,ME,48995-0193
Haven,Moen,Phoebe_Cronin60@hotmail.com,089-980-4258,5726 Braun Lock,New Genesisburgh,NJ,96211
Julie,Haag,Dereck_Schumm@yahoo.com,819-109-0075,006 Harmony Glens,Lake Jamaal,KS,05674-1160
Uriel,Bruen,Leo_Moen0@gmail.com,797-709-5684,5274 Wiegand Walks,Lake Emeraldview,LA,30487
Quinton,McKenzie,Kadin73@yahoo.com,193-600-7955,073 Weimann Causeway,Friedrichfort,MS,18908
Filiberto,Ullrich,Genesis_Rodriguez@hotmail.com,182-753-8020,190 Shanel Spring,New Leif,FL,34634
Dedrick,Treutel,Lisette_Macejkovic56@yahoo.com,341-062-1867,418 Rhiannon Throughway,Port Joanaside,WY,97502
Stanford,Jaskolski,Wilson3@yahoo.com,062-231-7187,5289 Mike Burg,Effertzmouth,NM,14581
Annamarie,Heller,Julia52@gmail.com,475-603-0391,914 Cary Lights,Cyrilland,MT,08257-5968
Lilian,Goldner,Mittie30@yahoo.com,099-754-3526,27690 Mertz Mission,Nitzscheside,MN,88202-9700
Aiyana,Welch,Vivienne.Fay17@hotmail.com,060-405-3757,765 Marcelino View,Vernfort,WY,71684
Arden,Hoppe,Lamont.Mann@hotmail.com,727-278-2312,4867 Friesen Rapid,Lake Nealland,IL,57141
Winnifred,Schultz,Zora_Boehm29@yahoo.com,921-351-3847,206 Koelpin Groves,North Lacymouth,TX,33935
Lafayette,Jast,Hilda30@hotmail.com,805-761-9034,8903 Block Spurs,Scottieberg,CA,47476
Estefania,Abbott,Zion_Marks@gmail.com,913-771-1657,188 Farrell Mountain,South Hortense,NY,32103
Elmira,Bogan,June_Parisian@yahoo.com,445-151-4334,812 Barrows Tunnel,New Neomaview,NE,33698-6116
Jovani,Moore,Marielle_Ernser67@hotmail.com,215-429-6090,39962 Brock Park,East Rosellaborough,AL,33610
Liliane,Yost,Rosetta_Russel75@hotmail.com,971-819-5118,4092 Craig Court,Keeblerburgh,NJ,08505
Fausto,Spinka,Blanche.Schinner@gmail.com,740-299-3599,0922 Mueller Ranch,Port Berylborough,NV,60181-5257
Dedrick,Mayer,Martin_Howe72@hotmail.com,143-682-9807,253 Winifred Pines,New Erynmouth,CO,87838
Madonna,Fritsch,Onie11@gmail.com,276-584-1963,34744 Llewellyn Stream,Camillachester,NV,25315-2950
Malvina,Barrows,Rosalinda.Jacobson20@yahoo.com,021-656-7070,66106 Ebert Prairie,Florianport,AK,90455
Alisa,Schaefer,Cortez_Kuhn@yahoo.com,715-773-4165,3733 Isai Street,Blockbury,NH,88052-1625
Gaston,Barton,Cassie18@yahoo.com,211-320-5643,6026 Adams Hills,South Esmeralda,WY,10690-1528
Roselyn,Hettinger,Domenica.Volkman20@gmail.com,725-058-2162,21879 Fermin Club,Lake Othastad,CT,08034
Herminio,Satterfield,Emmy.Hagenes@hotmail.com,219-806-1665,831 Montana Views,West Mayefort,NJ,38606
Brannon,Anderson,Dejuan.Hills@yahoo.com,986-802-8064,70916 Hoeger Extension,Reicherthaven,TN,12324
Lois,Reinger,Hattie.Kassulke22@gmail.com,871-194-0544,435 Jeremy Underpass,Kshlerinside,OK,45213
Gerda,Rau,Albert92@gmail.com,003-727-1712,03316 Dach Views,South Paul,OR,73759-5592
Hillary,Marks,Virgie_Dietrich@gmail.com,005-020-4843,17771 Kessler Fall,Gordonfort,VA,52955
Retta,Nienow,Ibrahim.Welch@gmail.com,316-944-5442,0767 Sharon Haven,Smithfort,ND,35282-4329
Kristofer,Mayert,Barbara_Cormier@yahoo.com,638-023-2233,76251 Ullrich Loop,Kassulkemouth,VT,43082
Tod,Jakubowski,Abel.Harber@gmail.com,727-917-5809,37993 Breitenberg Hollow,New Milton,ID,39885-5892
Erling,Bartell,Jessie61@hotmail.com,683-884-6443,92959 Mayert Flat,New Javon,ID,82101
Tod,Wehner,Bettie.Adams@gmail.com,350-538-3264,882 Strosin Street,Feestville,WA,99168-7937
Emmie,Flatley,Dashawn34@gmail.com,602-968-0780,2578 Mayert Haven,Rohanmouth,SC,46721
Katelin,Kertzmann,Hailey.Waters20@gmail.com,371-029-6340,9045 Gerhold Knolls,Jacklynberg,NJ,91395-2503
Samir,Dibbert,Leonard0@hotmail.com,121-618-0920,60411 Jeanette Mountains,Port Darrionmouth,AK,87617
Demarcus,Skiles,Cornelius_Beier32@yahoo.com,214-856-2967,452 Brionna Cape,Lucianoville,CT,33555-8510
Arnoldo,Gerlach,Hortense.Donnelly39@gmail.com,082-538-8912,9386 Huel Locks,Creminshire,TN,49708
Kyle,Feest,Oliver.Stoltenberg2@gmail.com,291-297-6999,1570 Cheyenne Ranch,Parisianchester,HI,51840-9289
Brooklyn,Franecki,Minerva.Bosco@yahoo.com,808-540-4612,0491 Roberto Path,Ritchiechester,NY,95211
Yadira,Robel,Mollie.Cormier15@yahoo.com,048-975-7395,3748 Desmond Pine,Korbinchester,ME,28039-2613
Remington,Swaniawski,Rocio_Moore68@gmail.com,328-961-1963,1687 Corkery Springs,South Emilianoport,NJ,42246-2819
Raleigh,Abshire,Aurelie53@hotmail.com,654-769-3844,53631 Calista Square,Garettburgh,ME,44551
Marianna,Schultz,Randi_Gerlach22@gmail.com,432-071-3090,7160 Tito Extensions,New Kayliborough,ND,53613-4310
Camila,Bednar,Ila40@hotmail.com,797-354-3363,425 Gottlieb Dale,Port Mollie,AK,56622
Kavon,D'Amore,Maegan.Haag75@hotmail.com,119-567-5016,176 Hills Estates,Jerdeshire,MD,35278-4569
Brycen,Johnston,Casimer.Ebert69@yahoo.com,140-651-5543,2329 Bosco Unions,Pagacshire,KS,25665
Jessica,Bins,Shanel69@gmail.com,152-574-6405,8788 Mara Dale,South Victorport,HI,83547-8781
Garett,Jerde,Gennaro.Davis@yahoo.com,147-510-1997,4775 Anna Parkway,Port Herminioborough,NY,62772-5849
Rowan,Yost,Murray_Sawayn@gmail.com,876-168-3968,9148 Cremin Valley,East Shayna,CA,37636
Delpha,Schroeder,Abigale_OReilly75@gmail.com,148-525-4131,897 Jordi Highway,New Gerrychester,GA,85502
Stella,Gutkowski,Wilfrid52@yahoo.com,934-524-3458,3393 Tillman Stream,South Keelyborough,CA,08064-0400
Abraham,Cummerata,Grover.Gibson10@gmail.com,305-890-2060,29377 Rath Grove,Walkerstad,WV,35004
Thea,Brekke,Pansy.Sauer@yahoo.com,431-600-0781,097 Wyman Estate,Luciousport,UT,37514-2132
Keely,Morar,Ebony_Stroman@yahoo.com,286-385-5580,0751 Pfeffer Unions,Kubburgh,WV,84332-2733
Dimitri,Ratke,Mireille.Moore@yahoo.com,430-883-9754,44259 Fahey Garden,Verdieland,NY,34931
Joanie,Pfeffer,Jaquan_Aufderhar@yahoo.com,656-626-3148,10503 Shane Landing,New Joeyshire,ID,91624-1512
Jaime,Koss,Jailyn_Cassin99@hotmail.com,907-197-4546,26730 Spencer Haven,Verdaton,ND,10367-8466
Theodore,Gleichner,Olga84@yahoo.com,712-595-5356,2717 Reinger Garden,Port Margaretetown,SC,22407
Krista,Howell,Nestor.Durgan22@hotmail.com,475-497-9168,63634 Reinger Rapid,West Arthurburgh,MT,03809
Modesto,Becker,Lyla.Carroll@hotmail.com,517-794-7930,552 Buster Falls,Collinsville,ME,16461-3144
Taryn,Koch,Zella.Bergnaum@hotmail.com,538-718-0545,07845 Bechtelar Isle,East Busterport,MT,49919-0278
Rolando,Bednar,Edwina.Christiansen10@yahoo.com,405-329-7684,1803 Batz Lane,Niaside,DE,83375
Josue,Legros,Edgardo_Mante@hotmail.com,885-379-3451,932 Grant Curve,North Theoland,LA,16872-5501
Enrique,Tromp,Natalia63@hotmail.com,882-206-7350,49929 Vandervort Forks,West Uriel,NE,25678
Veronica,Welch,Roberto.Bernier63@gmail.com,689-904-5818,24173 Maggio Motorway,New Keeganfurt,WA,73650-0206
Kacie,Tillman,Reed.Weimann59@yahoo.com,500-877-9680,694 Gleason Valley,Stiedemannstad,NJ,74899
Charity,O'Kon,Trever.Mills@yahoo.com,272-551-1882,941 Camylle Village,Magalishire,WV,94204-9167
Corene,Waelchi,Valentina_McKenzie@gmail.com,032-497-4853,710 Deborah Passage,Lake Howellland,MI,36921-4760
Adelbert,Grady,Elouise_Nolan32@gmail.com,915-416-0618,93377 Jaida Path,West Shawn,ME,03554
Alaina,D'Amore,Maxwell40@gmail.com,819-853-8914,04462 Mittie Extensions,West Meaganhaven,NE,31442
Yasmin,Metz,Lloyd28@gmail.com,521-867-3350,717 Jayden Curve,New Forrest,LA,43171
Edward,Lemke,Molly42@gmail.com,959-378-7070,650 Modesto Drive,Toniland,TN,26864
Barton,Bergstrom,Mireille.Wilderman72@gmail.com,375-277-8271,77985 Senger Station,Lake Effiemouth,AL,95412-1080
Ima,O'Hara,Lurline75@hotmail.com,171-360-3180,83396 Jamey Gateway,Lake Jarret,NJ,86976-0173
Bell,Abernathy,Dan.Effertz22@gmail.com,051-429-3971,1448 Bruen Light,North Frederik,MI,14147
Earnest,McGlynn,Jackson.Schoen17@hotmail.com,047-358-9443,68680 Georgiana Stream,Vivianeshire,ID,39025
Jannie,Nolan,Hannah_Lueilwitz66@yahoo.com,156-173-0495,888 West Stravenue,Cortneybury,OH,51769
Alec,Dare,Gage_OKon79@hotmail.com,732-106-5527,068 Bogan Valleys,East Dashawn,ME,66534-0587
Fritz,Hermiston,Hellen.Koss@yahoo.com,201-349-3993,56669 Audie Point,East Halland,WA,91919-0624
Skylar,Schumm,Kathryne41@gmail.com,125-943-3562,220 Carolina Well,Port Luciostad,ME,85341
Kianna,Sipes,Bill_Moore@hotmail.com,884-397-8861,597 Lakin Isle,New Karleyton,SC,80299
Woodrow,Stanton,Dejah.Paucek@hotmail.com,274-341-1905,44103 Schulist Vista,Port Malliechester,NV,74996
Viva,Balistreri,Hattie95@gmail.com,093-616-8237,374 Kris Motorway,Port Hallie,NH,84117-4760
Anya,Murazik,Reed_Zulauf2@yahoo.com,829-256-0194,6106 Ian Forges,Lake Elaina,KS,50871
Deion,Von,Rhianna_Kuvalis5@hotmail.com,326-945-1821,20238 Daphne Port,West Tristinbury,MS,23899-2685
Ford,Bergnaum,Domenica.Reinger@hotmail.com,880-522-8524,49959 Curt Ferry,East Jamel,IL,12509-9392
Dejah,Olson,Dorris_Reinger@hotmail.com,716-079-2814,203 Gutkowski Expressway,Port Antoninatown,AR,72149-8928
Alek,Kessler,German.Wisozk@gmail.com,835-414-2745,19156 Johanna Court,West Lionelberg,ID,39221-0076
Brady,Schimmel,Casandra.Goodwin@hotmail.com,981-857-4698,257 Jocelyn Cliff,West Allan,SD,07483-0389
Karlee,Nitzsche,Alisa19@gmail.com,032-676-7572,6566 Rosalyn Fords,East Morris,MT,63528
Ernestina,Satterfield,Jena40@yahoo.com,793-341-0855,6468 Turcotte Key,South Tremaine,SD,41126-9787
Sarina,Reynolds,Arvel_Konopelski2@hotmail.com,522-012-9076,646 Crystal Mill,Quigleymouth,PA,45883
Delbert,Weissnat,Freddy_Metz93@yahoo.com,796-329-3404,53536 Lempi Points,Steuberside,MN,11016-6765
Maximillian,Gulgowski,Gregory99@hotmail.com,464-215-7095,143 Cayla Club,Legrosmouth,FL,70187-4681
Darrick,Connelly,Alford_Rau63@gmail.com,369-587-8736,1748 Miller Way,Lake Elbert,OR,10966
Christop,Schmidt,Anderson_Bogan@hotmail.com,454-890-4637,6179 Cathrine Freeway,Wizaberg,MA,49857
Horace,Flatley,Alfredo37@yahoo.com,125-055-8624,1891 Lindsey Dam,New Candido,CA,84904-5101
Yasmeen,Schaden,Rahsaan.Will@yahoo.com,730-904-4335,9981 Yvonne Plaza,Yundttown,SC,25176
Margie,Lynch,Vivienne.Skiles@gmail.com,517-830-4772,1208 Adell Flats,Port Jaycee,NM,98476-2550
Christ,Raynor,Waino70@yahoo.com,423-492-7118,29202 Dickinson Mountain,Port Janie,VT,88245
Deja,Swaniawski,Brooke_Durgan44@gmail.com,735-943-1474,478 Haylie Mountain,North Carlosmouth,IN,40677-4352
Carley,Bradtke,Golda95@yahoo.com,796-250-9042,78328 Bailey Ranch,Tianashire,MS,14386-2778
Myrtice,Cremin,Jaden_McGlynn12@gmail.com,115-715-7189,6641 Sophie Estates,Ericaville,MD,52376-2644
Lisette,Jaskolski,Raoul92@gmail.com,347-400-4315,8062 Schimmel Gardens,Rutherfordchester,CT,08987
Queen,Wehner,Thomas76@gmail.com,398-954-5053,178 Elenora Pines,Lake Barttown,NM,92010
Eleonore,Ebert,Sigurd75@yahoo.com,755-676-9037,1606 Olson Via,South Adrain,GA,22039-1241
Afton,Durgan,Jonas32@gmail.com,282-796-4138,776 Weston Crest,Orlandoland,NC,78210
Roma,Parker,Gonzalo53@yahoo.com,277-676-9270,58349 Keaton Harbors,New Lionelside,NE,61253-2361
Lillian,Oberbrunner,Amos_Jacobs52@gmail.com,086-420-6481,514 Schamberger Stravenue,West Magdalenview,OH,00733-9347
Jamie,Hoeger,Aaliyah51@gmail.com,662-122-2955,29852 Nickolas Run,Lake Cristobal,NV,42236
Jermain,Cronin,Adella_Prohaska@hotmail.com,354-721-8184,3776 Einar Forge,South Aftonland,AK,72271
Elton,Cruickshank,Noemie88@hotmail.com,336-603-7069,348 Torp Estates,Watersfort,KY,90218-9098
Joanie,Conroy,Doug52@yahoo.com,472-432-9890,4409 Felicity Lake,New Yesseniaborough,GA,07677-6301
Dennis,Lemke,Fatima79@hotmail.com,342-864-5521,3227 Aron Shores,East Freddie,ND,80811
Janie,Corkery,Darryl_Bauch@gmail.com,046-164-7777,34034 Walker Locks,South Jolieside,RI,97762
Clarissa,Wintheiser,Birdie_Pollich@gmail.com,322-019-3949,44907 Iliana Radial,Madgebury,FL,55483
Clemens,Hyatt,Marjorie_Olson3@hotmail.com,214-219-8233,00873 Dach Islands,New Deven,NE,01748
Rebekah,Shields,Zane_Smitham33@yahoo.com,687-597-3630,9226 Streich Skyway,East Caliview,SC,23358
Forest,Quigley,Marcel35@yahoo.com,332-800-2246,98095 Pierce Cliff,West Karimouth,NJ,42547-9394
Preston,Windler,Angelina_Mertz@yahoo.com,109-407-4812,98996 Stoltenberg Pike,Port Maureen,MT,81467-4225
Crawford,Wisozk,Eli.Haley@yahoo.com,084-004-3299,58953 Demetrius Land,East Angeloton,RI,39155
Charlotte,Mueller,Darien.Rutherford@gmail.com,390-959-5118,99462 Valentin Via,North Garnet,IA,78525-5858
Kristopher,Flatley,Garrett_Anderson16@gmail.com,237-782-2449,389 Kuhlman Valley,Sipesfort,WY,04023
Zoila,Kilback,Alisha83@yahoo.com,273-834-3788,382 Pamela Track,Gastonborough,IN,44400
Marcelina,Lakin,Leanna.Barton@gmail.com,225-105-1288,3438 Terrence Divide,Cecileborough,IL,07958-2606
Nicholaus,Metz,Brent33@yahoo.com,430-920-5868,75510 Nico Lights,North Levishire,MO,92687
Carson,Schamberger,Carmella30@hotmail.com,340-814-1992,35543 Hammes Corner,Hyattport,DE,21293
Melvin,Lakin,Lavinia.Bernhard42@gmail.com,314-174-8225,7393 Ramiro Ridge,West Emmaton,NY,29312
Eladio,Volkman,Rahul_Hessel52@hotmail.com,587-468-5743,48157 Kunde Road,Bradfort,MT,41308-4974
Willie,Hettinger,Keanu58@hotmail.com,051-417-8658,66294 Tess Ways,Lake Leopoldomouth,NJ,53305
Lenora,Luettgen,Jennyfer52@yahoo.com,840-954-6437,955 Tremblay Way,South Quintenfurt,AR,41101
Fermin,O'Kon,Hilton.Feeney67@gmail.com,000-170-5549,530 Cary Stravenue,West Andres,ND,09288
Alexandria,Botsford,Murray_Schuster96@hotmail.com,592-683-3331,075 Collins Ranch,New Marquise,TX,87671
Sarina,O'Kon,Jammie_Considine6@gmail.com,595-553-2994,0747 Johnnie Path,Port Nataliatown,TN,85329
Claudie,Hamill,Roosevelt71@gmail.com,657-523-7423,1874 O'Keefe Highway,Emmanuellechester,OK,06842-8646
Trystan,Ernser,Mina.Hickle11@yahoo.com,749-760-0565,929 Grimes Points,Dylanland,MN,69361
Justyn,Wolf,Alphonso33@gmail.com,115-902-4357,8936 Quitzon Springs,New Lilla,WY,82486
Alfonzo,Rolfson,Lenore_Reichert57@hotmail.com,429-305-4592,456 Pearl Terrace,Chelseaborough,OH,47590-5560
Lydia,Blick,Sterling_Koss@hotmail.com,940-687-1019,07510 Bartell Ferry,West Rickytown,CA,54629-9139
Ardella,Senger,Geovanny.Runolfsdottir@gmail.com,226-569-9331,5308 Garnet Bridge,New Albertbury,CA,03319-3470
Lizzie,Kshlerin,Clovis.Ratke26@yahoo.com,621-928-8716,018 Yasmin Road,Pricemouth,NC,66940-1376
Harry,Kautzer,Junior.Fay@hotmail.com,631-550-3891,90376 Reynolds Square,Lake Morganstad,OR,64278
Helen,Parisian,Emmie_Kozey58@hotmail.com,807-821-8499,1927 Lydia Estates,South Dave,TX,18368
Earlene,Lynch,Daphne_Upton38@gmail.com,071-229-5072,355 Johanna Pines,Parkermouth,OR,62602
Elna,Nienow,Danika_Sawayn39@yahoo.com,159-038-6688,1320 Orn Alley,Wiltonbury,MT,20557-6929
Garrett,Kuphal,Sandrine47@yahoo.com,769-256-5415,8043 Christa Point,Satterfieldburgh,NV,81643-1831
Francesca,Mohr,Alisha.Luettgen54@yahoo.com,515-031-8281,45406 Raphaelle Glen,Lauryshire,AR,96440-7762
Milo,Walter,Dangelo_Von18@yahoo.com,674-900-3823,956 Neil Flat,Powlowskiport,NC,68343-9080
Libby,Moen,Flavio.Lakin@gmail.com,745-999-8908,093 Jewell Oval,East Tavares,OH,75668-9920
Chesley,Zulauf,Martina11@yahoo.com,077-707-0085,6527 Windler Village,Lake Karen,HI,91036-9543
Kennedi,Hahn,Cole_Stark61@gmail.com,949-801-2244,157 Greta Drives,Briashire,IL,99005-6969
Luis,Bruen,Americo_Krajcik@hotmail.com,687-230-1875,64298 Leola Harbors,South Marisol,NY,33967
Clarabelle,Jakubowski,Orion4@yahoo.com,702-957-8362,2218 Whitney Row,East Cierra,IA,99362
Celestine,Yost,Kristofer_Vandervort@yahoo.com,532-188-0727,578 Conroy Landing,Bradtkeshire,GA,13636
Joesph,Greenfelder,Rhiannon.Lebsack65@yahoo.com,583-525-9464,94628 Predovic Common,Joshchester,AK,01187-2553
Breana,Johnson,Leanna.Kuhn41@hotmail.com,143-523-8379,20359 Charlene Curve,North Timothyside,MN,89166
Clement,Heidenreich,Sasha_Huel@yahoo.com,973-587-2237,364 Roberts Parks,New Linnietown,DE,61899-2023
Emilia,Homenick,George.Kemmer22@gmail.com,558-239-2560,898 Cummerata Court,Kyleetown,GA,62012
Ted,Mills,Caroline37@hotmail.com,653-661-1184,08189 Bergstrom Street,West Waylontown,OH,62420-1700
Randy,Lesch,Orion60@gmail.com,095-641-6993,37827 Federico Pike,New Cordeliaton,WV,40046
Allene,Jacobson,Rosanna7@gmail.com,586-821-2205,974 Arnulfo Mountains,Port Gabrielleview,VT,56908-6093
Stanton,McLaughlin,Tyra37@hotmail.com,762-582-8117,3241 Clinton Islands,Lisandroland,NH,18231
Westley,Gulgowski,Catharine_Okuneva27@yahoo.com,587-393-1663,912 Adams Neck,Borerburgh,WY,71075
Hanna,Schultz,Monte11@hotmail.com,689-867-6397,189 Conn Groves,New Stacy,AL,60337-5435
Lorna,Walker,Duncan_Funk43@gmail.com,566-597-3101,03516 Satterfield Turnpike,East Jorge,AL,93923
Keon,Okuneva,German.Krajcik@hotmail.com,265-501-9078,142 Nettie Plain,North Douglas,VA,83568
Berta,Kiehn,Mertie_Weber72@hotmail.com,918-869-3312,499 Ilene Ports,South Kaelynstad,NM,35730-6686
Norval,Swift,Kyleigh.Abshire5@hotmail.com,271-061-9601,240 Verdie Unions,North Charityland,WI,50407-3490
Camren,Borer,Maurine.Jakubowski@yahoo.com,288-622-0182,521 Ledner Ranch,East Hunter,WY,51432-4229
Pablo,Braun,Oral92@hotmail.com,472-639-7876,373 Martin Orchard,North Gunnarview,WV,00445-1358
Genoveva,Abshire,Lesly_Cormier@hotmail.com,013-507-4976,739 Bradtke Flats,South Webster,UT,17197
Madelynn,Barton,Michele.Bode@yahoo.com,951-189-7421,460 Darrion Junction,Lake Laila,WI,37636
Leatha,Weissnat,Toby_Bode@yahoo.com,010-926-8559,972 Tromp Shore,New Morton,MN,18480
Odie,Kunze,Felicity30@yahoo.com,091-669-9014,585 Marilie Harbors,West Leonormouth,NV,80820
Rolando,Wolf,Angela_Ziemann90@yahoo.com,600-228-9876,985 Pfeffer Plains,Wintheiserborough,SD,17231
Berry,Wehner,Lizeth.Kuvalis@yahoo.com,290-583-9173,002 Price Mission,Thompsonton,AK,18623
Lionel,Buckridge,Yvonne.Legros64@gmail.com,759-887-2265,110 Dax Track,Loweville,PA,11494-8151
Waino,Crist,Jabari17@hotmail.com,627-801-6440,8172 O'Conner Crossroad,O'Connerview,WY,08142-2564
Mya,Dooley,Cletus.Rogahn67@hotmail.com,877-637-8589,44035 Considine Station,Kutchland,LA,92260
Iliana,Tremblay,Bessie.Kling6@hotmail.com,917-923-2656,309 Lindgren Light,North Osvaldohaven,NJ,93552-4316
Dulce,Fadel,Loraine.Schowalter@gmail.com,651-102-1936,04068 Kuhic Islands,Darrelburgh,UT,26333-8438
Anita,Gislason,Sigurd.Turner@hotmail.com,111-246-5716,967 Heathcote Courts,Caspermouth,TX,99043
Kaylie,Smith,Bertrand2@yahoo.com,651-018-5295,4419 Stephon Throughway,South Blakebury,RI,15887
Odell,Vandervort,Judson_Reinger@gmail.com,709-480-7572,6109 Tillman Roads,Lake Haley,NE,48283
Letha,Roberts,Denis.Walter@hotmail.com,683-198-6475,937 Ella Drive,Lockmanbury,SD,95846-8360
Aurore,Spencer,Bella51@gmail.com,252-759-1672,11753 Shaina Forks,West Rosendo,SC,95830
Daphnee,Purdy,Zachery.Bechtelar@hotmail.com,552-381-8059,9204 Donnelly Center,West Gunner,CT,80542-4981
Candido,Hauck,Vincent39@hotmail.com,756-049-2495,3530 Leanne Wells,Port Cameronview,MA,30828
Junius,Haag,Reyna_Williamson@yahoo.com,526-100-3773,66219 Jan Loop,Port Eleazar,MI,77056
Ezekiel,Koch,Glenna.Pollich@gmail.com,160-097-0246,557 Efren Course,Maidaborough,NY,60193
Jonas,Dicki,Stuart10@yahoo.com,670-861-1788,557 Jake Road,East Florian,PA,92408
Monserrat,Beier,Harley_Lindgren8@hotmail.com,934-412-1146,6400 Gislason Station,Port Omer,KY,62712-3129
Gabriel,Lueilwitz,Lorenz19@hotmail.com,820-007-7158,57261 Predovic Islands,Rubenhaven,IL,98743
Susan,Hermann,Valentina.Green@gmail.com,108-923-6718,7762 Esta Key,Laneychester,NE,26047-7736
Eriberto,Jakubowski,Adriana72@hotmail.com,418-674-1892,61537 Bogisich Lodge,Port Betty,WY,29999
Victoria,Lind,Nannie_Becker@hotmail.com,592-259-5130,9773 Brain Ridge,New Percystad,NH,66734-1497
Beaulah,Ledner,Tyrique90@hotmail.com,680-056-1241,97051 Doyle Squares,South Carissa,MI,17237-1531
Elroy,Vandervort,Aiyana28@gmail.com,087-561-4935,690 Muller Pass,Port Lloyd,CA,63196-7768
Chad,Herman,Mertie28@gmail.com,179-519-9880,89223 Bryce Expressway,Blaisehaven,ID,58300
Martina,Crona,Kim_Jerde@gmail.com,250-693-7447,729 Rowe Isle,East Simonechester,NH,90571
Kelli,Deckow,Daphney_Jacobi@yahoo.com,418-756-8111,4331 Rasheed Field,Laynemouth,SD,06796
Barton,Kerluke,Eunice.Bernhard@gmail.com,543-017-4421,9498 Charley Mews,West Florinebury,MS,43029
Lia,Daniel,Reece.Toy@gmail.com,595-876-0867,17080 Koepp Centers,New Robbland,IN,18922-1948
Walker,Fritsch,Johnpaul.Hyatt@yahoo.com,063-688-3103,15365 Mathew Cape,Juneview,WY,45952-0872
Izabella,Littel,Melissa29@gmail.com,173-344-9286,64964 Weissnat Tunnel,West Kristinashire,FL,93152
Megane,Corkery,Corine.Moen@yahoo.com,524-486-4563,20167 Heather Stravenue,East Rosendo,WV,62994
Joelle,Buckridge,Zackery25@gmail.com,684-343-4206,3871 Dayna Locks,Noahport,MT,83530
Abbey,Wolff,Margie.Jones@gmail.com,624-363-8267,2834 Stracke Fields,Feestville,PA,66805
Alverta,Schoen,Aracely.Wintheiser@yahoo.com,643-994-1959,53175 Toy Street,Letafurt,PA,23223
Dana,Schultz,Lexi.Fahey9@hotmail.com,883-968-4872,23729 Eichmann Square,Furmanstad,MA,90188
Judd,Mosciski,Reed.Ritchie91@gmail.com,988-019-8439,7326 Mozell Spurs,Robelstad,TX,51478
Mackenzie,Anderson,Rosella77@gmail.com,510-610-3781,12165 Kieran Ford,Riceland,KY,33721
Camryn,Little,Darren.Casper@hotmail.com,068-813-3398,842 Winston Prairie,East Patience,WV,11700
Muriel,Lesch,Abbie_Kautzer@hotmail.com,402-910-5511,363 Fannie Coves,Jastfort,ME,96096
Keshawn,Kohler,Janis.Schmidt8@gmail.com,990-756-1091,6641 Adolf Curve,Clintonside,RI,17336-7966
Isac,Russel,Coralie.Connelly@gmail.com,781-359-7327,7077 Dickinson Meadows,Fisherville,NY,04187-8427
Madisen,Metz,Ethan14@yahoo.com,064-143-0572,66016 Geovany Loaf,Coleside,NE,28758
Neoma,Witting,Bernadette67@hotmail.com,804-731-0298,4476 Earlene Common,New Tad,AZ,62983
Jaylan,Greenholt,Bud.Torp47@hotmail.com,000-185-9782,13532 Lynch Islands,West Erich,OH,88911
Earl,Mohr,Scarlett.Stark50@hotmail.com,702-180-7344,50492 Theodore Ridge,Randiburgh,NM,48139-6929
Micaela,Collier,Bianka.Howell@yahoo.com,964-652-3844,79386 Fritsch Spurs,Treutelstad,LA,73091
Furman,Beahan,Ezequiel_West0@gmail.com,964-830-4257,18181 Bahringer Plain,New Daisha,KY,66748-0506
Donna,Howe,Ivory15@yahoo.com,149-242-9494,4468 Meagan Extension,Lake Mafalda,WA,10367-5635
Cara,Hessel,Torrance99@gmail.com,597-573-1219,4760 Aidan Knoll,East Marjory,CO,68307
Gia,Crooks,Noemie16@yahoo.com,636-948-0956,273 Parker Summit,Cassandraberg,OR,43092
Valentin,Price,Lela46@hotmail.com,126-577-6325,922 Langworth Freeway,East Kelsie,TN,15774-0979
Rickey,Funk,Marcellus.Cruickshank@yahoo.com,999-886-0515,2399 Cole Route,West Cristinaside,TN,81249-3170
Tad,Gottlieb,Dakota.Nienow@gmail.com,477-657-4390,3625 Andre Islands,Lake Willa,ND,77146-8851
Bobbie,Hoppe,Jarrell_Rau@gmail.com,485-522-3988,110 Kunde Corner,Lake Timmy,VT,16311-1601
Aniya,Brakus,Mckayla_Wuckert62@hotmail.com,169-537-9932,11482 Napoleon Green,Mitchellfort,ID,41907
Casandra,Beier,Wanda.Crooks@gmail.com,128-699-9787,962 Mann Ranch,South Camrenhaven,IA,49622-6112
Shania,Will,Elijah.Tromp@yahoo.com,276-938-8118,74990 Kertzmann Wells,Lake Justusview,LA,58750
Jeffery,Leannon,Francesco63@gmail.com,214-880-5683,657 Lucious Divide,Lake Lora,WY,01991-3741
Garret,Stokes,Zachary68@hotmail.com,759-333-6229,514 Hailie Crest,Schroederfort,TX,49876
Elza,Carter,Junior_Cole15@yahoo.com,497-836-3357,59298 Flavie Pass,Rippinborough,DE,81693-8444
Ronny,Rempel,Billy83@hotmail.com,588-982-4406,22223 Marks Cliff,Langworthfort,VA,69480
Samson,Turcotte,Sydney_Green39@hotmail.com,194-816-2344,193 Gusikowski Center,Lednerstad,DE,21539-0238
Abby,Davis,Darrel.Schowalter74@hotmail.com,515-310-3692,03540 Block Ports,Kertzmannhaven,AK,02290-7043
Lola,Bruen,Ethan.DuBuque@hotmail.com,679-420-6205,13055 Wilderman Mews,Lake Filiberto,AL,35625
Carlotta,Parisian,Alvera.Steuber23@gmail.com,099-395-2742,12210 Destiny Trail,East Althea,NH,24326-3710
Rylan,Bradtke,Marlene16@gmail.com,886-446-9909,8012 Christopher Skyway,Brekkebury,IA,43591
Delilah,Jaskolski,Jewel_Littel@yahoo.com,029-928-2224,80614 Lelia Turnpike,Estebanside,OK,80918-8310
Keven,Schaefer,Doyle.Kiehn@yahoo.com,228-012-3688,7063 Stehr Inlet,East Zoilabury,FL,80412-2732
Eryn,Lakin,Stephan_Gerhold80@gmail.com,279-496-1273,23891 Barrows Union,Tellybury,AR,49962
Tressa,Grimes,Vanessa_Sporer@hotmail.com,609-004-9413,87524 Princess Path,East Rickey,CT,08793
Hans,Dickens,Russ.Doyle@gmail.com,907-673-6954,1372 Dibbert Dam,West Alba,MN,63669-6927
Darlene,Abshire,Stephania34@gmail.com,729-417-0427,5992 Hartmann Brook,Gerlachfort,OR,26986
Katrine,Wilderman,Earnestine.Mosciski16@hotmail.com,689-325-0094,4895 Corwin Knolls,Ottiliefort,DE,42658-7176
Emily,Cummings,Lue.Rippin@gmail.com,385-657-7265,433 Zena Trail,West Howell,CA,47644-9364
Alphonso,Welch,Daniela_Block85@hotmail.com,028-248-3195,0735 Jaron Green,Lake Anne,VT,29922-3571
Annamae,Bednar,Abigail_Cremin@yahoo.com,255-485-8250,89830 Grant Brook,Boganport,MI,03353-6039
Catalina,Heaney,Mckenna97@hotmail.com,575-137-8918,651 Abel Plaza,Lolitaville,TX,89757-9080
Kailey,West,Jalen60@gmail.com,700-816-7840,149 Bashirian Lodge,Wilmabury,TN,53545-0752
Stephan,Hermiston,Brigitte.Stamm43@hotmail.com,967-465-5040,68194 Reese Mountain,Trinitymouth,MN,91524-3265
Liza,Williamson,Zoila73@hotmail.com,811-934-2079,1141 O'Reilly Rest,Micheleton,DE,53148
Jordyn,Fadel,Itzel.Runolfsson@gmail.com,576-959-4180,743 Funk Courts,Robertsfort,GA,54889
Margie,Krajcik,Jordyn.Hettinger@hotmail.com,042-744-7797,009 Feeney Throughway,South Fatimabury,KS,55973-2797
Miles,Reynolds,Woodrow.Hermiston@gmail.com,274-043-1153,233 Lorena Park,Lolaview,NY,99864-2604
Eduardo,Boyle,Maxie_Koss@gmail.com,000-005-5876,6443 Winona Coves,Luisshire,DE,32018
Charity,Senger,Dusty56@hotmail.com,817-827-9829,482 Winfield Summit,Aminaberg,MN,90287-6753
Adriana,Cassin,Lorine.Gislason4@yahoo.com,562-164-4153,38719 Rylan Isle,Williamsonfort,MI,78532-8215
Julio,Weber,Haylee_Gislason@hotmail.com,063-026-9814,542 Westley Mission,South Deja,TN,50055-9546
Audie,Torphy,Mossie.Jast@gmail.com,648-648-8250,9061 Aylin Causeway,East Maudview,VA,33733
Kellie,Glover,Eliezer_Smitham@yahoo.com,418-682-6923,2172 Bailey Hollow,Lake Jonathonchester,IL,81855
Alaina,Cruickshank,Van_Hintz87@hotmail.com,430-202-3801,19743 Lehner Forge,West Rhiannaside,OR,22318
Soledad,Kerluke,Keon_Dicki@gmail.com,790-531-2978,28162 Veum Point,South Garth,PA,26426-9787
Tate,Rice,Marcelo_Bogan@gmail.com,356-210-1404,672 Cordie Springs,East Virgilburgh,NJ,78994
Kayli,Kreiger,Jensen_Fahey94@yahoo.com,404-338-5640,26185 Yolanda Common,North Orpha,NJ,57318
Filiberto,Kozey,Alejandra77@yahoo.com,084-312-7258,71052 Sabina Causeway,Lake Jessystad,ND,84832-4083
Rogers,Runolfsdottir,Melvin44@hotmail.com,769-417-5997,614 Kelly Port,East Katarinafort,OK,48162-1609
Chandler,Feest,Grayce35@gmail.com,995-006-8146,2086 Crooks Track,Lake Rashadview,TN,41018-7024
Torrey,Kautzer,Leann42@gmail.com,409-936-7314,20906 Haley Ville,South Jaqueline,OH,84819-1695
Electa,Bernhard,Dora72@yahoo.com,832-748-2282,068 Gerhold Mews,Lake Anahi,OH,23657
Gregorio,O'Hara,Gaylord.Larson@yahoo.com,635-108-4146,945 Rogahn Forge,Bruenfort,AK,16254-2427
Faustino,O'Kon,Brianne_Denesik32@yahoo.com,986-275-7491,01995 Treutel Meadows,Langworthbury,WY,62447-7680
Fritz,Boyle,Abner8@yahoo.com,560-324-2786,73763 Marcos Lock,Alyceton,NV,39301
Carole,Leuschke,Janessa17@gmail.com,036-509-5389,5660 Betsy Valleys,East Arnoldo,LA,49120
Merlin,Rutherford,Maxine.Hand@yahoo.com,910-448-6727,92893 Metz Mount,New Thurman,NE,63335-2132
Cyrus,Will,Darion_Will69@hotmail.com,247-082-1354,242 Myrtice Passage,New Wilhelmine,NE,96212-5852
Asa,Buckridge,Torey_Greenholt84@gmail.com,468-419-0346,4273 Wiegand Pike,South Daniela,SC,39019
Bianka,Lang,Robyn_Wintheiser16@hotmail.com,778-589-8460,952 Joan Rapid,Modestahaven,MN,80984-0208
Avis,Stanton,Tracy_Herzog@hotmail.com,961-793-7410,15434 Schmeler Drive,Port Nash,AL,72777-7879
Soledad,Schneider,Jasen.Kilback@yahoo.com,800-194-9159,6997 Luciano Club,West Shyannville,MD,91259-1964
Valentine,Harvey,Chyna.Littel52@yahoo.com,456-326-5718,75434 Adolf Canyon,West Ladarius,ID,70477-3192
Ian,Dach,Dariana42@hotmail.com,018-607-5213,9779 Hilda Prairie,Darrelshire,MN,70515
Mason,Moen,Eddie18@yahoo.com,178-934-5396,19647 Luz Flats,Gretchenmouth,DE,07431-9031
Zackary,O'Kon,Teresa26@yahoo.com,723-386-4628,20204 Morar Junctions,Ricefort,KY,37667-8387
Wendy,Kerluke,Samir_Murazik70@hotmail.com,803-061-9223,41344 Cade Mills,Hahnhaven,AL,92141-0070
Adriana,Bauch,Marian.VonRueden17@hotmail.com,381-961-8563,11356 Will Springs,Port Fernando,MA,91771-6068
Ayla,Sporer,Ronny.Dooley@gmail.com,466-233-6852,107 Braun Islands,East Frankhaven,WV,84371-7483
Kaelyn,Haag,Dedrick.Witting8@hotmail.com,722-528-5382,161 Bobbie Manors,North Ladarius,DE,57071-3165
Hubert,Heathcote,Izabella.Fay34@yahoo.com,191-902-5801,8193 Altenwerth Cape,Beierland,HI,12301-4654
Guillermo,Blanda,Abigale.Ondricka@yahoo.com,907-397-9378,16955 Alessia Mission,Lake Jess,OK,02685-5858
Norris,Lakin,Serena49@gmail.com,354-029-6133,5197 Susan Roads,North Garrisonbury,ME,18885
D'angelo,Hoeger,Ike_Daniel10@gmail.com,521-203-1108,264 Feil Estate,Port Faye,GA,61081
Morris,Corkery,Gennaro54@gmail.com,181-376-5300,4416 Aisha Street,North Peytonbury,FL,70595-2867
Shaina,Schoen,Jolie.Wiza@yahoo.com,316-512-2521,37395 Grady Radial,Taraburgh,CO,68657
Rodger,Nolan,Torrance_Block12@yahoo.com,818-814-4811,439 Cummerata Cliff,Hettietown,SD,75463-3493
Meghan,Lakin,Giovanny.Zieme14@gmail.com,826-770-0920,1226 Malvina Islands,Lake Miller,AR,25135
Raymond,Kerluke,Frederic_Konopelski@gmail.com,228-053-1115,281 Taurean Overpass,West Davontown,ND,14769-9166
Sage,Sauer,Mona.Towne64@hotmail.com,549-799-4107,0350 Randy Meadow,North Maritza,IL,57020
Hermann,Gibson,Bettye_Bartell33@yahoo.com,932-612-2895,858 Lang Plain,West Sethfort,CO,02009
Ricky,Lebsack,Isadore.Terry55@hotmail.com,201-686-5040,27145 Samantha Radial,Chelseyshire,NM,98256-3514
Bettye,Shields,Mckayla_Mills56@gmail.com,571-412-5985,96145 Abshire Wells,Willieberg,ND,57142-0245
Marlen,Steuber,Nico_Strosin@yahoo.com,102-451-8562,09965 Drew Crescent,Genovevachester,IN,60327
Callie,Marquardt,Justine26@hotmail.com,248-742-8724,3748 Marks Knolls,Zacharyshire,NE,91049-6975
Kenna,Baumbach,Eloy.Cassin@gmail.com,428-470-6913,039 Smitham Walks,West Anabel,ID,78925
Ted,Pfeffer,Armando_Kub@yahoo.com,628-457-9556,6971 Xzavier Land,New Alyssonside,PA,93486
Emilia,Bode,Ashlee37@gmail.com,842-827-2103,4380 Bobbie Lakes,Port Sabrynaberg,NV,91699-4529
Toni,Hammes,Manley.Maggio@gmail.com,859-014-3353,740 Hubert Highway,Breitenbergchester,AZ,16126
Haylie,Corkery,Deanna.Hyatt@hotmail.com,665-578-9117,6267 Tyson Isle,Feilborough,PA,79209-0523
Jalon,Graham,Riley.Toy@gmail.com,853-227-3676,289 McLaughlin Trace,South Emanuelfort,WY,33685-7159
Payton,Turcotte,Chet.Koch@hotmail.com,414-435-8173,6473 Amanda Mountains,East Daphnee,DE,93233
Lexie,Lueilwitz,Kody_Crona87@hotmail.com,547-920-8688,228 Amir Port,North Florenceshire,NM,50508
Grayson,Corwin,Branson38@gmail.com,735-717-4441,005 Lehner Points,Cobyberg,OH,12317-4951
Stephanie,Metz,Damon.McKenzie@yahoo.com,246-050-9611,1130 Cindy Ports,Jenningsshire,UT,12906
Clemmie,VonRueden,Halie_Hartmann91@yahoo.com,034-442-5125,9803 Brittany Throughway,New Eastonberg,LA,86443-6771
Felipa,Harvey,Ignatius_Kerluke@gmail.com,350-521-4260,5582 Melisa Gateway,South Theaton,NC,70934-3683
Liam,Koepp,Kellie.Yundt34@hotmail.com,500-957-2500,5047 Kristoffer River,West Melisaton,FL,00474-0760
Laverna,West,Nellie61@hotmail.com,780-695-7883,83211 McKenzie Plains,Matildaside,SC,19217
Cindy,Wolf,Flavie.Bernier@yahoo.com,802-474-8610,825 Koepp Light,West Cordie,WA,11712-7506
Alvena,O'Reilly,Minerva98@hotmail.com,251-961-8048,2563 Jeramy Stream,East Nikko,AR,17531
Erin,Anderson,Bella_Bradtke99@gmail.com,634-852-9082,09977 Kelsie Road,South Levi,TX,10213
Laurence,Jones,Susana.Cummerata@gmail.com,839-919-0474,45694 Kreiger Landing,Doloresborough,CO,94244
Filiberto,Wuckert,Kelsi_Larson@gmail.com,477-286-7447,0620 Jamil Tunnel,Lake Vincestad,WI,66649
Dalton,Weissnat,Fanny_Zulauf@yahoo.com,437-822-7096,6879 Alize Vista,Elisabethview,AK,72489-3259
Velva,Runolfsson,Antoinette73@gmail.com,939-335-5102,563 Stracke Tunnel,East Royceland,RI,01573
Cade,Kessler,Monserrate_Thompson@gmail.com,145-799-5064,5189 Pearl Knolls,Audrafort,FL,41891
Cayla,Buckridge,Elta68@gmail.com,001-551-2044,55723 Brittany Alley,Jarenfort,TN,24316
Guillermo,Schimmel,Josue6@hotmail.com,208-573-9651,54675 Bashirian Ranch,Rhiannastad,AR,72971-7980
Providenci,Von,Lucile.Bartoletti66@yahoo.com,118-074-2426,770 Ernser Plains,Mattmouth,MT,37777
Olen,Goodwin,Dovie_Torp@gmail.com,940-256-7577,7025 Parisian Greens,Otholand,AZ,92100
Pasquale,Stracke,Corrine_Stehr@yahoo.com,437-548-2287,317 Baron Wall,Hammesshire,TN,75426-6165
Gunner,Hermiston,Amina.Rutherford@gmail.com,359-418-7875,9385 Ullrich Lights,Russelshire,OR,79948
Sydni,Konopelski,Derrick76@hotmail.com,285-177-7830,9003 Yundt Harbor,Willhaven,NH,90674-7063
Hermina,Welch,Amalia_Lehner3@yahoo.com,341-972-9944,5344 Corwin Ways,Elouisemouth,NM,56598-1433
Karelle,Bailey,Linnea.Rogahn@hotmail.com,833-867-5175,780 Diamond Orchard,East Lempiborough,VA,79185-1725
Milo,Paucek,Robbie84@hotmail.com,786-183-1670,3320 Breitenberg Trafficway,Daughertybury,TX,95197-7229
Bennie,Bailey,Andreane.Carroll@yahoo.com,787-245-5966,784 Greg Avenue,South Ronfurt,WV,00404
Austyn,Okuneva,German.Hayes67@gmail.com,091-376-2074,9164 Adaline River,Port Ryder,FL,51200
Rickie,Quitzon,Felix78@gmail.com,872-630-9549,6864 Elian Highway,North Roel,NJ,34574
Raven,Hegmann,Xander.Vandervort@yahoo.com,526-429-2664,672 O'Keefe Crossing,South Marleneside,WA,41474
Serenity,Boyle,Kelvin_OConnell40@hotmail.com,038-230-0781,3179 Kurt Islands,Dalefurt,NV,99140-1703
Robin,Smitham,Brando_Grant@yahoo.com,478-879-0030,7857 Lucas Shore,Runteberg,PA,90736
Amir,Harber,Nicole71@gmail.com,779-801-2768,92939 Rogahn Rest,Bayershire,WV,23760-5309
Monte,Schamberger,Nyasia.Breitenberg@gmail.com,992-817-5367,996 Hettinger Loop,East Fredyshire,VA,26744-7365
Althea,Hessel,Arnoldo95@yahoo.com,284-084-2253,629 Jayme Mountain,Schimmelland,AZ,53486-6567
Jaylin,Grant,Crystal.Reynolds47@hotmail.com,424-159-6735,670 McDermott Meadow,Streichtown,MS,17700
Delilah,Klein,Carli.King57@hotmail.com,210-439-0789,8409 Bernie Meadow,West Lenora,CA,70201
Elisabeth,Barton,Matt10@yahoo.com,744-860-4915,1344 Heller Pine,West Metachester,MT,90186-4763
Mariela,Moore,Jed.OKeefe@gmail.com,546-391-9065,825 Ruben Squares,Lake Felicity,AL,93271-3891
Roberto,Runte,Clifton.Auer@hotmail.com,203-263-2427,9699 Von Land,Alphonsohaven,ME,51288
Raul,Schaefer,Blaise_Lesch@hotmail.com,914-773-5133,789 Judd Stravenue,East Emanuelbury,MA,17452-2135
Ibrahim,Bartoletti,Yazmin.Mueller@gmail.com,528-446-3660,445 Dee Turnpike,North Madisyn,ID,83561
Mustafa,Fadel,Elise_Kiehn89@yahoo.com,151-278-7804,9583 Schmeler Rapid,Gutkowskiton,KY,18216-6727
Modesta,Greenholt,Paul_Metz0@gmail.com,195-102-4962,493 Schneider Run,East Laurynton,NY,62789
Alec,Effertz,Gerardo2@gmail.com,458-766-6055,7665 Savion Street,Ruthhaven,NH,15155-1575
Glenna,McDermott,Rhianna98@yahoo.com,165-944-8391,947 Kozey Squares,East Mohammedview,SD,49107
Marta,O'Conner,Mike_Mosciski89@gmail.com,420-320-2179,47037 Pfannerstill Squares,DuBuquehaven,RI,69768-2704
Agustina,Runte,Adrien_Witting75@yahoo.com,701-203-7769,1434 Hodkiewicz Tunnel,Lake Isai,CT,17835
Fay,Pacocha,Leonard.OKeefe64@gmail.com,150-397-3765,00473 Vandervort Pike,Karleeside,SD,43449
Emie,Funk,Ronaldo.Watsica99@yahoo.com,684-764-4638,282 Dean Road,West Hester,NY,46470
Drew,Beatty,Syble_Nader@yahoo.com,565-194-5730,7616 Lacey Haven,Lehnermouth,AK,56061-8325
Richard,Spencer,Lysanne.West41@gmail.com,777-150-1154,69300 Fern Trail,East Felicity,WI,17135-0107
Rocky,Murazik,Janick_Pacocha83@gmail.com,141-649-8790,1128 Olson Extensions,Sporerview,FL,68101
Murphy,Sporer,Jarret.Haley@yahoo.com,664-901-5051,0865 Karen Harbor,Lake Hans,OK,98581
Montana,Heller,Marion_Muller72@hotmail.com,162-312-0473,015 Adolph Hollow,East Emie,NJ,27328
Reinhold,Kuphal,Reed.Howe73@yahoo.com,777-111-5444,02995 Benjamin Springs,Zemlakberg,WV,89586-9370
Lucas,Halvorson,Arjun_Morissette@hotmail.com,680-419-6865,3962 Ned Wall,East Kayden,WV,23543
Mina,Carter,Enrico_Goodwin23@hotmail.com,918-331-9438,417 Frami Lakes,Olafburgh,AR,81250
Hardy,Gerlach,Skye.Torp15@hotmail.com,155-975-1406,6219 Cody Locks,Volkmanville,WV,18042-8044
Guiseppe,Luettgen,Courtney84@gmail.com,338-323-0772,39932 Savanna Fall,Nicolasmouth,CA,94095
Mortimer,Marvin,Kara_Kiehn46@gmail.com,298-226-1938,15195 McGlynn Island,New Luisa,UT,16150-3453
Flo,Skiles,Oren_Batz@yahoo.com,974-238-3188,611 Zoie Mews,Declanmouth,VT,13492-8555
Carol,Luettgen,Juliet_Shields1@gmail.com,436-462-5224,21425 Lavinia Fork,North Mandy,OH,87295-3276
Loraine,Kuhlman,Marlen_Welch86@yahoo.com,939-587-9068,15817 Princess Pike,North Darienbury,NC,18331-0206
Lia,Beer,Herbert31@gmail.com,688-980-5492,22031 Noemy Crossing,East Kaylie,AL,08324
Karlee,Hane,Cassie70@yahoo.com,645-583-4449,665 Adrien Isle,North Lola,OK,68882
Cecelia,Pacocha,Viva40@yahoo.com,360-045-7939,818 Clement Green,East Heloise,PA,90981
Emmalee,Corkery,Keith_Metz80@yahoo.com,199-006-8047,76293 Grimes Bypass,West Leslieview,MD,70334-8554
Yessenia,Hermiston,Josh83@hotmail.com,791-153-5045,66283 Rice Views,Halleshire,NM,54593
Donato,Hermann,Nels.Hegmann54@hotmail.com,110-479-9271,337 Chandler Springs,Hodkiewiczview,KY,02639
Devonte,Runolfsdottir,Leonora69@hotmail.com,080-059-4386,8591 Will Ferry,Whiteshire,MT,23128
Aditya,Sauer,Darlene45@yahoo.com,520-138-1837,759 Mertz Landing,Clevelandborough,LA,97893
Prince,Zulauf,Weldon29@hotmail.com,407-189-1951,548 Lisandro Dale,New Rexhaven,ND,08416-3970
Nelda,Aufderhar,Noemy93@yahoo.com,139-098-7341,060 Jacobson Lakes,Armstrongmouth,HI,25312
Scotty,Stroman,Chasity12@yahoo.com,893-023-4415,80682 Greenfelder Fort,New Marcellus,ME,05253
Caterina,Bins,Cleveland71@yahoo.com,054-005-2274,37634 Ursula Hills,New Neal,AR,08129-0358
Bernhard,Langworth,Shawna73@yahoo.com,426-641-4994,9123 Gerlach Village,Riceland,ND,28073
Elmo,Considine,Oral_Macejkovic@yahoo.com,454-541-6065,4706 Walter Coves,Dominiqueton,MN,74179-6881
Annetta,O'Reilly,Albertha45@hotmail.com,125-602-1325,1103 Treutel Springs,East Krystel,WI,00212-3727
Millie,Schuster,Lilliana87@gmail.com,812-745-5603,642 Schneider Cove,Lake Braedenberg,NC,76502-6741
Jovanny,Lebsack,Vicente.Weissnat@yahoo.com,543-278-0891,5011 Gislason Cape,East Zula,AR,60866-8033
Ozella,Prosacco,Blaise_Balistreri@yahoo.com,098-413-4811,059 Juwan Ports,East Mohammadport,MD,47989-0754
Tiara,Stehr,Scarlett.Franecki25@yahoo.com,450-965-7369,6065 Roberts Village,South Brandtfort,KS,05599
Harry,Veum,Floyd.Lakin@yahoo.com,515-855-7282,8677 Lehner Causeway,Port Dionview,OK,47610
Devon,Goodwin,Clemens17@gmail.com,654-995-7850,496 Silas Islands,Connberg,NM,47081
Anabel,Kuphal,Antwan_Jacobs16@yahoo.com,791-720-7871,1013 Fay Ranch,Lennymouth,WA,20752
Austyn,Orn,Buford.Jenkins@yahoo.com,498-881-8213,315 Lukas Points,Joanieland,NM,29977
Rosanna,Hettinger,Shayne3@gmail.com,588-949-0115,569 Daniela Gateway,Corinemouth,SD,40865
Reagan,Schmidt,Kristy.Fisher@gmail.com,130-697-1559,4242 Casper Views,South Shana,MN,80205-2095
Zoe,Kuhic,Victor12@yahoo.com,801-598-7167,17298 Wallace Stravenue,North Ariane,UT,16252-5501
Foster,Hirthe,Jacinto.Stroman49@yahoo.com,848-034-1581,8762 Yundt Village,Aubreyton,MS,38711
Adrain,Pollich,Arvilla95@gmail.com,788-268-8863,61707 Parisian Plains,New Rowan,TN,30631
Georgiana,Crooks,Fanny.Witting70@hotmail.com,196-641-1003,662 Tyson Run,East Raymond,MS,06248-8114
Keegan,Zemlak,Nathan77@yahoo.com,193-107-4881,18419 Modesto Squares,Ritchieberg,MO,40481-9692
Beulah,Corkery,Gillian_Haag@gmail.com,701-816-3260,6771 Sabrina Summit,New Maryjane,WI,55435
Orion,Rodriguez,Deonte_Fahey@yahoo.com,134-233-1480,4061 Sanford Islands,West Mistyfurt,NH,62537
Charlie,Hills,Claude.Lynch46@gmail.com,665-962-2554,116 Shanny Pines,Lake Maverickfurt,OR,86241-6401
Kelli,Heidenreich,Modesta_Feil@gmail.com,433-245-2625,3424 O'Kon Lakes,Demarcoview,KS,37010
Ricardo,Stoltenberg,Freeman.Runolfsdottir@gmail.com,493-414-8831,2462 Schroeder Drive,Jastshire,TN,49734-9536
Summer,Weber,Bruce_Hirthe@yahoo.com,115-440-3615,009 Nicole Ferry,Hellerstad,HI,27188-4869
Sibyl,Thompson,Kaley.Hilll@yahoo.com,347-729-6829,7061 Macejkovic Mews,Port Lenorafurt,MN,94451
Barton,Powlowski,June60@hotmail.com,016-680-7099,339 Rachelle Green,New Yazminborough,CT,42456
Albert,Sanford,Chad.Lemke@hotmail.com,650-299-2447,76618 Emmalee Lakes,New Coty,AZ,15209
Teagan,Muller,Marlen65@gmail.com,471-214-2746,100 Hermiston Ferry,Port Della,OH,65448-2189
Amira,Skiles,Alexandrea83@gmail.com,605-734-6874,88127 Nicolas Trace,Wileyside,MO,77547-7601
Catharine,Dickinson,Herta.Wuckert@hotmail.com,683-305-3418,138 Windler Vista,Tyriquechester,WI,29268
Nadia,Thiel,Elroy.Heaney@yahoo.com,470-158-4778,147 Windler Center,Alexandreside,AZ,03719-9138
Nickolas,Auer,Elaina.Jenkins77@yahoo.com,282-866-3094,45785 Kallie Unions,North Ivahport,UT,49229-7468
Shanelle,Johnson,Paul96@gmail.com,531-395-4258,054 Corkery Shore,Port Jude,AK,73618
Kavon,Blanda,Jaleel_Waelchi@hotmail.com,938-994-3986,616 Romaguera Fork,Dorthatown,AL,49127
Javonte,Wiza,Ewald.Kessler@gmail.com,032-098-4808,8886 Danny Causeway,Jasenhaven,IN,50880
Ulices,Toy,Bryana2@yahoo.com,373-836-5129,550 Weber Walks,New Romaborough,MN,69593-8502
Brock,Bogisich,Virginia.Kovacek@gmail.com,472-483-2068,88688 Joany Mews,Luettgenburgh,NY,69044
Marcellus,Corkery,Seamus.Zboncak@gmail.com,327-932-7371,46885 Hintz Rue,Hayesshire,SD,21128-8449
Dan,Kutch,Ryan21@hotmail.com,750-373-8019,141 Ruecker Throughway,Lake Ivahshire,SC,52119-4838
Bradford,McCullough,Devyn43@hotmail.com,519-100-9528,18373 Lauren Brooks,Sipesbury,TX,04941-6503
Devin,Ledner,Pamela.Hintz78@gmail.com,972-195-2966,1659 Kunze Port,North Shanyburgh,VT,85680-1857
Mitchel,Lind,Marge.Rippin@hotmail.com,644-992-7450,4117 Hoeger Islands,South Keyon,UT,93672-8243
Raleigh,Weimann,Reyes34@yahoo.com,693-943-4535,7134 Legros Key,New Dedric,WY,63613
Camron,Cormier,Wade19@yahoo.com,753-291-0066,711 Elza Garden,South Annaliseville,MS,33074
Brittany,Gusikowski,Edmond.Nicolas37@yahoo.com,054-502-7217,1639 Mayra Orchard,Lake Kittyhaven,MI,12876-6929
Mable,Okuneva,Rex50@hotmail.com,229-741-6049,89987 Olga Locks,West Leathahaven,CO,46847-8184
Elias,Hand,Mckenzie_Sipes@hotmail.com,012-358-7474,24881 DuBuque Trace,Alexysbury,MD,72606
Kobe,Kutch,Aaron_Jacobs@yahoo.com,873-240-3355,11279 Keeling Motorway,Gerlachton,SC,11480-7169
Sonia,Klein,Flavio_Hessel90@yahoo.com,995-077-9431,2436 Labadie Lake,East Dora,WA,92061-3165
Haskell,White,Morton14@hotmail.com,903-117-2448,442 Fredrick Roads,West Camilletown,IL,48506-3818
Annie,Prosacco,Jaren.Kertzmann@hotmail.com,830-457-5192,87391 Brown Freeway,Port Jaydonland,ND,13224
Rosalia,Nitzsche,Gaetano.Lynch91@yahoo.com,241-420-3774,71113 Brianne Divide,Lake Garfieldview,OR,55781
Leland,Schaden,Demetris_Waters65@gmail.com,658-171-3685,6283 Ziemann Lake,Torpfort,WA,17280-9672
Marty,Koch,Edgardo45@hotmail.com,725-972-2570,384 Braun Ville,New Cristinaborough,NM,13968-0520
Nathen,Harvey,Berry.OConner36@gmail.com,589-082-8054,843 Zula Via,Schuppeshire,MA,41898-6201
Alana,Little,Hillard.Hane18@gmail.com,043-111-3676,995 Marc Station,McClureburgh,CT,26530-5480
Chauncey,Nikolaus,Blake.Crist@gmail.com,399-071-2520,5284 Runolfsdottir Field,Port Viva,GA,10550-2623
Kelly,Bayer,Lea44@gmail.com,657-460-0732,244 Darrel Oval,Julienbury,LA,40103
Carolanne,Kihn,Roberto.Kuhic37@yahoo.com,904-494-2881,149 Lucinda Crescent,Hayeschester,WI,21615-6982
Emelia,Grimes,Antone_Ferry13@gmail.com,086-069-4853,88268 Delphine Port,West Mosesmouth,NJ,56857-5172
Aletha,Schultz,Ashlee.Jacobs73@gmail.com,568-499-9406,982 Chandler Forges,North Maximillian,MA,56058
Bernice,Kutch,Eddie_Bosco@hotmail.com,920-451-1778,1238 Jennie Summit,Aliyahstad,OH,08166
Mortimer,Monahan,Darius_Borer@gmail.com,834-000-0372,3144 McCullough Ridges,Townehaven,CT,93952
Athena,Marvin,Clementina.Runte@gmail.com,966-486-0974,19410 Lyla Mission,Port Sedrick,CO,67213-5892
Dayne,Von,Ashley92@gmail.com,023-135-5803,2866 Lynch Trail,East Twilatown,NE,87284-3169
Kyleigh,Stroman,Kraig_Gleason@gmail.com,894-413-2534,82637 Crist Plain,Isadoreburgh,VT,96712
Johnpaul,Kihn,Garfield.Hills@hotmail.com,935-327-1508,61560 Walker Islands,Shieldsshire,WY,08564-0151
Maynard,Denesik,Annette.Leuschke@gmail.com,205-413-4122,288 Justen Vista,West Ezekielfort,WY,82745-9562
Danyka,Wehner,Colin_Weber99@gmail.com,900-204-5062,44303 Hudson Parkway,Lake Adah,RI,80073
